files_changed,lines_added,lines_deleted,code_churn,previous_failures,test_coverage,is_merge_commit,commit_message_length,num_contributors_last_30d,days_since_last_failure,recent_failure_flag,failed
4,158,135,293,0,77.66,0,169,18,73,0,0
31,27,87,114,5,76.9,0,96,15,48,0,1
26,501,208,709,5,36.22,1,142,4,72,0,1
18,546,265,811,7,22.93,0,192,19,18,0,1
17,618,104,722,5,44.3,0,19,19,24,0,0
34,760,306,1066,1,32.57,0,30,1,7,0,1
4,397,255,652,3,51.66,1,184,1,60,0,0
28,663,66,729,4,98.35,1,117,5,65,0,0
8,573,375,948,9,34.49,1,127,16,25,0,1
4,221,17,238,5,45.51,0,74,12,34,0,1
21,676,261,937,6,78.01,1,167,10,51,0,0
39,42,175,217,7,60.73,0,132,8,68,0,0
29,479,261,740,3,23.51,1,58,10,27,0,0
30,752,309,1061,9,32.94,0,133,13,43,0,1
28,527,274,801,6,94.82,0,10,2,16,0,0
31,749,260,1009,8,28.25,1,55,12,72,0,1
21,44,336,380,7,70.81,1,48,5,78,0,0
5,425,280,705,6,83.39,0,159,15,66,0,0
33,624,325,949,0,41.24,0,149,4,73,0,1
18,513,161,674,5,78.01,0,27,2,68,0,1
20,704,81,785,1,33.59,1,182,9,75,0,1
15,370,93,463,6,42.78,0,165,9,38,0,1
8,546,244,790,7,44.95,0,92,10,18,0,0
37,335,212,547,5,99.71,0,50,17,86,0,0
31,697,30,727,3,37.17,0,89,14,0,1,1
26,95,81,176,0,30.34,1,122,7,36,0,0
16,203,387,590,6,94.06,0,129,14,65,0,0
33,77,290,367,6,32.95,1,75,10,71,0,0
22,561,301,862,4,90.34,1,29,5,61,0,1
18,186,78,264,7,72.04,0,125,1,44,0,1
18,253,25,278,7,66.15,1,143,1,83,0,0
9,669,116,785,5,80.11,1,60,5,21,0,1
4,288,342,630,0,78.08,1,131,16,12,0,0
22,116,202,318,8,28.84,0,118,9,56,0,1
35,16,313,329,4,99.96,0,105,9,28,0,1
3,181,194,375,6,95.35,1,11,8,42,0,0
34,731,196,927,9,91.73,0,68,5,41,0,1
33,438,240,678,3,69.78,0,81,14,23,0,1
11,795,383,1178,6,61.82,1,168,1,89,0,1
25,172,174,346,0,62.9,0,167,12,34,0,0
7,281,238,519,8,21.19,1,176,18,60,0,1
30,130,367,497,0,59.96,1,97,17,14,0,0
28,318,148,466,5,69.9,0,72,8,89,0,0
14,450,335,785,3,72.7,1,104,17,88,0,0
3,646,214,860,0,46.57,1,160,5,6,1,0
38,294,351,645,4,57.7,1,128,5,57,0,1
18,617,187,804,9,70.9,0,124,7,53,0,0
35,500,251,751,1,54.26,1,92,1,15,0,0
27,233,129,362,2,96.97,1,142,6,69,0,0
31,729,254,983,1,76.44,1,174,17,68,0,0
30,347,130,477,1,20.1,0,136,15,75,0,0
8,120,243,363,2,21.86,1,86,7,54,0,0
15,770,315,1085,5,75.22,0,169,6,63,0,1
19,730,173,903,7,53.01,0,189,7,65,0,1
20,39,171,210,6,87.16,1,161,3,69,0,0
2,721,128,849,7,33.84,0,176,4,52,0,1
22,757,292,1049,7,21.11,0,60,19,67,0,1
7,663,236,899,3,51.05,1,90,14,5,1,1
29,203,206,409,9,78.89,0,57,13,55,0,1
27,505,10,515,1,97.74,1,79,6,18,0,1
36,430,44,474,6,90.69,0,149,17,36,0,1
30,496,2,498,1,58.73,1,138,4,69,0,0
15,493,340,833,7,85.03,1,10,19,10,0,0
38,511,340,851,0,25.63,0,153,10,67,0,1
17,411,27,438,2,65.78,1,46,7,23,0,0
13,552,18,570,3,93.94,0,45,15,67,0,1
36,421,312,733,6,51.71,1,113,8,68,0,1
15,13,209,222,0,96.81,0,55,6,1,1,0
3,28,123,151,2,37.65,1,192,13,21,0,0
19,766,245,1011,3,28.45,1,37,14,72,0,1
32,727,94,821,7,61.98,0,38,12,30,0,1
8,468,79,547,9,92.58,0,154,9,39,0,0
19,139,146,285,6,44.9,1,64,7,1,1,1
6,625,358,983,5,84.01,1,145,8,62,0,1
27,114,306,420,3,33.54,1,139,17,8,0,0
19,301,76,377,8,79.65,0,45,7,24,0,0
13,263,224,487,1,64.56,1,120,19,42,0,0
9,9,353,362,1,34.0,0,112,3,69,0,0
23,645,380,1025,2,77.45,1,27,4,44,0,1
27,407,305,712,2,77.1,1,155,7,88,0,0
37,253,51,304,4,61.23,1,172,1,47,0,1
18,405,96,501,9,38.04,0,189,17,22,0,1
7,0,87,87,6,30.58,0,26,7,17,0,1
33,349,60,409,3,96.58,1,43,2,70,0,0
25,415,70,485,2,72.47,0,166,12,41,0,0
28,271,126,397,6,84.74,0,67,19,54,0,0
4,664,222,886,2,75.76,0,128,19,33,0,0
13,199,159,358,9,86.36,1,76,3,24,0,1
30,110,168,278,4,33.0,0,51,16,53,0,1
33,422,98,520,5,59.76,1,128,7,26,0,1
17,709,60,769,9,73.37,0,49,16,89,0,1
32,300,399,699,3,28.27,1,35,12,65,0,1
33,37,239,276,4,32.0,0,110,14,73,0,0
16,775,91,866,5,70.72,0,46,16,25,0,0
36,355,323,678,2,89.5,1,46,18,2,1,1
12,138,332,470,0,72.83,0,158,3,4,1,0
10,492,386,878,2,22.9,0,110,14,77,0,0
27,255,63,318,1,97.63,1,112,3,78,0,0
25,750,255,1005,6,31.16,1,37,18,61,0,0
6,235,392,627,0,38.6,1,40,12,53,0,0
33,440,322,762,3,98.0,0,84,4,18,0,0
8,434,90,524,8,81.68,1,83,6,68,0,0
32,193,357,550,5,94.93,0,95,18,46,0,1
1,399,168,567,6,84.53,1,35,13,54,0,0
32,87,195,282,6,72.14,1,180,5,2,1,1
31,514,223,737,2,42.76,1,78,16,46,0,0
31,606,308,914,6,46.15,1,165,14,62,0,1
26,760,48,808,2,95.78,1,86,2,69,0,0
19,260,215,475,6,88.85,0,99,6,13,0,0
28,228,326,554,6,48.76,1,31,17,2,1,1
11,439,219,658,8,49.86,1,138,7,77,0,1
31,554,109,663,9,43.82,1,21,1,28,0,1
22,793,22,815,0,46.09,0,152,12,42,0,0
18,20,219,239,2,88.85,1,177,18,56,0,0
20,190,281,471,5,20.84,0,78,11,44,0,1
23,209,219,428,3,54.88,1,178,19,84,0,0
2,204,391,595,6,95.43,1,142,3,75,0,0
6,370,241,611,8,63.41,1,10,13,35,0,0
10,698,203,901,2,56.04,1,48,13,17,0,0
5,24,22,46,8,44.99,0,131,19,87,0,0
18,652,223,875,8,25.91,0,143,10,63,0,1
27,494,67,561,9,37.96,0,27,16,67,0,1
26,492,289,781,0,27.24,1,140,3,41,0,1
19,542,64,606,2,30.14,1,163,1,43,0,0
34,92,362,454,1,33.08,1,27,14,16,0,0
23,597,120,717,1,44.16,1,177,1,38,0,0
4,198,173,371,0,20.88,1,111,17,48,0,0
30,413,57,470,4,96.01,0,127,1,11,0,0
23,541,84,625,0,29.91,1,19,14,57,0,0
25,483,368,851,2,50.65,1,126,9,55,0,1
23,258,113,371,9,90.36,0,96,13,75,0,0
22,316,205,521,8,28.53,1,80,12,4,1,1
4,381,392,773,9,58.69,1,158,9,20,0,1
22,33,249,282,0,87.58,1,57,10,38,0,0
32,580,16,596,6,64.56,1,21,10,79,0,0
12,79,142,221,6,36.83,1,104,13,21,0,1
24,366,154,520,1,78.84,0,151,14,87,0,0
2,523,110,633,9,74.51,0,35,9,86,0,0
14,64,96,160,4,48.97,1,197,7,8,0,1
18,796,201,997,9,23.7,0,137,1,32,0,0
39,301,150,451,1,20.63,1,187,15,23,0,0
9,12,117,129,6,86.03,0,99,5,44,0,0
11,526,165,691,1,45.72,1,33,9,83,0,0
16,446,137,583,9,31.02,1,43,19,33,0,1
39,512,91,603,6,61.48,1,105,15,59,0,1
34,600,181,781,0,93.67,0,121,7,12,0,1
2,380,376,756,2,20.68,1,149,10,51,0,0
10,661,202,863,3,24.49,1,161,7,31,0,0
33,296,239,535,0,53.36,0,154,12,82,0,1
3,436,393,829,0,74.08,1,121,3,70,0,0
34,126,245,371,9,58.09,0,13,19,19,0,1
11,495,89,584,9,91.8,1,110,19,55,0,0
36,209,159,368,5,23.53,0,165,6,30,0,1
12,557,195,752,9,47.21,1,171,5,39,0,0
17,640,189,829,6,48.11,1,168,11,41,0,1
26,687,59,746,0,47.21,1,12,13,73,0,1
5,743,42,785,7,59.01,1,92,13,26,0,0
22,97,139,236,0,83.25,1,127,1,0,1,1
20,110,365,475,8,45.43,1,57,14,17,0,0
31,740,286,1026,3,79.56,0,87,2,74,0,0
39,304,336,640,1,31.72,1,28,7,26,0,1
26,20,69,89,2,64.86,0,46,14,5,1,0
16,229,165,394,6,50.01,1,11,17,36,0,0
16,668,232,900,8,63.14,1,196,13,78,0,1
17,283,173,456,5,28.62,1,173,4,78,0,1
32,61,166,227,1,96.28,0,86,13,85,0,0
13,577,143,720,9,92.5,0,10,1,61,0,1
7,155,20,175,7,86.11,1,73,5,73,0,0
14,282,342,624,4,91.42,1,92,3,69,0,1
1,3,373,376,5,31.74,0,42,19,1,1,1
5,481,32,513,9,60.3,0,135,7,37,0,0
4,356,165,521,3,45.43,1,199,11,47,0,0
31,693,207,900,0,90.99,1,170,16,41,0,0
29,267,313,580,1,35.16,0,172,19,74,0,1
28,163,394,557,6,37.6,0,167,19,88,0,0
19,132,166,298,9,74.94,1,23,4,49,0,1
28,160,299,459,7,27.11,0,114,8,8,0,1
7,360,374,734,6,78.59,0,117,8,32,0,1
36,69,332,401,3,41.45,0,29,16,17,0,1
20,321,116,437,4,72.87,1,38,7,42,0,0
37,683,326,1009,0,89.84,0,117,5,21,0,1
6,614,164,778,3,68.77,0,145,15,7,0,1
20,509,7,516,6,37.01,0,49,10,15,0,1
28,714,303,1017,9,23.93,1,101,15,44,0,1
20,624,334,958,9,23.57,1,24,8,12,0,1
18,522,137,659,8,27.1,0,30,10,2,1,1
7,690,180,870,0,66.39,1,120,1,25,0,1
15,99,145,244,8,47.86,1,115,1,57,0,1
10,654,46,700,2,39.45,1,152,1,56,0,1
12,236,397,633,6,37.54,1,183,4,35,0,1
27,586,9,595,9,95.89,0,46,7,59,0,0
25,730,222,952,8,29.51,1,74,1,17,0,1
24,396,5,401,6,44.39,1,172,4,65,0,1
15,70,275,345,2,57.72,1,19,17,1,1,1
38,296,360,656,5,20.04,1,167,17,12,0,1
4,325,257,582,7,93.68,1,189,6,82,0,0
14,749,242,991,5,27.93,1,28,18,42,0,1
5,754,331,1085,4,74.6,1,36,3,50,0,0
14,454,389,843,4,70.31,0,140,1,35,0,1
38,760,344,1104,5,84.73,0,100,7,58,0,1
15,349,92,441,0,72.11,0,197,6,67,0,0
36,328,225,553,9,81.55,1,113,2,70,0,0
20,669,327,996,1,53.7,0,134,17,22,0,1
28,533,117,650,9,59.1,0,55,19,56,0,0
18,417,270,687,0,76.13,0,71,6,70,0,0
11,365,9,374,5,65.47,1,43,6,37,0,0
30,564,350,914,4,60.92,1,37,14,34,0,1
38,602,245,847,5,36.44,0,31,18,56,0,1
11,392,297,689,4,40.65,1,179,6,51,0,1
31,25,330,355,8,48.68,0,23,13,22,0,0
11,81,87,168,0,20.74,0,108,1,86,0,0
28,115,180,295,9,53.39,1,106,11,50,0,1
31,369,343,712,6,20.22,0,20,19,50,0,1
18,491,65,556,7,65.2,0,169,10,18,0,1
29,643,328,971,1,76.32,1,105,13,60,0,0
11,186,115,301,0,64.97,0,34,14,82,0,0
4,629,230,859,3,75.48,1,34,13,65,0,0
4,532,203,735,3,20.0,0,143,14,45,0,1
18,41,274,315,7,24.76,1,127,17,57,0,0
36,280,334,614,8,75.88,1,88,1,21,0,1
5,242,139,381,4,84.23,1,86,17,5,1,1
18,709,68,777,7,77.42,0,16,18,57,0,0
28,736,169,905,0,73.04,1,16,18,16,0,0
8,655,244,899,7,76.59,0,111,7,8,0,1
29,422,300,722,0,79.17,1,79,12,69,0,0
12,394,301,695,6,77.95,1,57,7,39,0,1
32,249,135,384,3,79.04,1,82,16,76,0,1
23,618,374,992,4,25.92,1,124,8,77,0,1
22,69,33,102,2,25.06,1,65,6,11,0,1
7,216,46,262,4,48.89,0,76,14,69,0,0
19,108,9,117,8,62.21,1,63,1,30,0,0
34,395,370,765,8,81.01,1,136,8,63,0,1
1,239,72,311,3,46.78,0,20,4,3,1,0
30,157,240,397,2,42.01,0,184,8,42,0,1
20,301,325,626,5,82.52,1,115,9,56,0,1
29,688,306,994,6,39.95,1,56,2,40,0,1
26,446,379,825,1,85.67,1,154,17,49,0,0
17,658,21,679,7,34.17,0,188,8,1,1,1
13,731,162,893,9,48.76,0,21,7,0,1,0
25,721,202,923,8,52.09,0,48,3,54,0,1
6,280,278,558,5,43.96,0,37,19,37,0,0
23,701,249,950,3,20.27,0,23,17,51,0,1
4,727,223,950,3,38.84,0,150,10,32,0,0
26,767,122,889,7,47.01,1,46,7,0,1,1
25,280,42,322,4,45.09,0,82,9,63,0,0
4,182,172,354,1,82.84,0,164,19,12,0,0
30,467,103,570,6,23.79,0,126,5,70,0,1
17,745,221,966,1,51.12,1,138,14,1,1,0
31,720,318,1038,9,23.0,1,28,18,83,0,1
2,456,221,677,4,94.45,0,194,15,22,0,0
7,119,233,352,3,83.22,1,25,17,80,0,0
20,337,16,353,0,98.57,1,144,19,0,1,0
8,571,257,828,1,92.81,0,131,2,40,0,0
13,448,175,623,9,45.27,1,88,5,37,0,1
26,276,49,325,5,75.33,1,169,3,14,0,0
6,274,85,359,9,44.52,0,179,11,42,0,0
27,47,312,359,9,91.06,1,23,8,19,0,1
5,230,366,596,0,52.86,0,192,1,39,0,0
7,535,203,738,3,50.07,0,55,11,33,0,0
23,193,390,583,8,93.13,0,160,2,17,0,1
31,794,72,866,4,86.94,0,165,8,70,0,1
7,65,119,184,5,97.31,1,115,7,47,0,0
12,471,372,843,5,25.32,1,174,17,75,0,0
37,397,70,467,7,39.47,0,166,13,73,0,1
39,666,263,929,9,44.07,0,109,12,23,0,1
23,710,87,797,8,53.95,1,44,16,26,0,1
18,434,132,566,6,57.85,1,92,4,85,0,0
14,504,191,695,5,43.32,1,181,5,28,0,0
24,559,143,702,3,83.24,1,48,15,8,0,1
24,416,349,765,1,37.86,1,199,15,48,0,1
12,147,389,536,7,75.72,0,44,1,87,0,0
1,342,200,542,0,88.14,1,136,5,21,0,0
6,193,210,403,6,68.3,1,131,5,57,0,0
38,371,22,393,4,48.33,0,47,1,30,0,1
17,492,93,585,7,35.03,1,99,13,34,0,1
19,167,15,182,9,30.75,0,37,2,40,0,1
19,199,342,541,5,79.53,0,79,16,12,0,0
31,658,90,748,5,57.53,1,192,12,34,0,1
3,302,136,438,4,23.71,0,20,15,24,0,1
4,158,337,495,3,98.71,0,175,10,73,0,0
11,570,285,855,0,73.7,1,138,19,20,0,0
19,573,248,821,0,87.53,1,152,6,76,0,1
27,660,15,675,7,55.06,1,63,11,1,1,1
20,607,225,832,9,96.44,1,190,1,36,0,1
18,793,224,1017,0,35.96,1,58,16,24,0,0
37,459,127,586,3,34.81,0,105,11,40,0,0
7,229,297,526,6,91.23,0,16,4,69,0,0
23,690,371,1061,7,91.34,0,178,16,86,0,0
22,211,103,314,7,59.92,0,143,19,65,0,0
19,232,132,364,6,30.06,0,40,2,45,0,0
32,662,128,790,0,44.42,0,135,17,46,0,1
11,705,333,1038,2,80.33,0,44,14,89,0,0
38,271,31,302,4,87.68,0,94,7,89,0,1
13,583,358,941,0,47.81,1,107,13,68,0,1
22,737,310,1047,3,24.9,0,186,15,14,0,1
21,638,193,831,3,73.26,1,73,10,23,0,1
34,3,233,236,9,79.16,0,12,13,24,0,0
18,531,357,888,3,53.92,0,92,1,20,0,1
12,135,307,442,9,66.65,0,186,18,87,0,1
1,677,110,787,7,98.99,1,161,18,14,0,1
15,53,20,73,6,39.6,1,21,4,76,0,1
33,794,263,1057,8,65.84,0,20,10,72,0,1
1,141,58,199,8,68.88,0,153,5,47,0,0
35,336,35,371,2,63.93,1,146,8,27,0,1
22,187,392,579,4,89.53,0,115,6,23,0,0
6,651,189,840,5,68.4,1,26,17,60,0,0
12,314,260,574,9,60.63,1,63,14,60,0,0
22,595,86,681,0,29.84,0,171,17,48,0,0
13,53,40,93,4,76.26,1,36,16,51,0,1
5,362,25,387,2,30.57,1,48,14,74,0,1
26,728,141,869,2,22.13,1,95,4,67,0,0
27,741,1,742,7,59.08,1,149,16,67,0,1
5,166,168,334,2,65.8,0,167,15,25,0,1
11,315,129,444,7,99.92,0,122,3,5,1,0
10,327,210,537,9,76.99,1,103,2,41,0,1
26,452,235,687,7,87.89,0,83,15,30,0,1
29,429,123,552,1,47.71,0,18,8,30,0,1
29,84,182,266,1,60.71,1,60,7,46,0,0
37,610,31,641,4,97.94,0,50,8,83,0,1
30,180,120,300,5,53.39,0,20,17,72,0,0
13,251,391,642,7,84.58,1,151,7,60,0,1
5,672,396,1068,4,62.08,0,77,8,64,0,1
24,551,194,745,1,37.92,1,106,8,37,0,1
36,317,375,692,9,66.43,0,48,2,49,0,1
39,729,200,929,9,37.44,0,122,1,39,0,1
9,315,50,365,6,20.24,1,35,8,72,0,0
10,452,347,799,6,38.87,0,138,1,89,0,1
2,196,166,362,9,35.45,0,150,15,39,0,1
6,146,244,390,4,49.67,0,69,9,64,0,0
22,393,259,652,1,91.09,1,50,10,5,1,0
22,450,123,573,6,51.03,0,158,7,36,0,1
15,644,293,937,4,87.62,0,52,15,78,0,0
13,312,200,512,7,64.45,0,43,9,61,0,1
33,716,146,862,7,20.61,0,74,1,47,0,1
18,485,119,604,4,35.1,0,193,10,19,0,1
32,56,298,354,3,94.5,1,97,4,72,0,0
38,591,99,690,4,68.33,0,59,12,87,0,1
13,459,49,508,6,94.36,0,107,11,35,0,0
8,311,352,663,6,44.81,0,76,10,72,0,1
38,373,132,505,5,77.32,1,136,8,52,0,0
25,241,256,497,5,81.76,0,93,12,35,0,1
12,491,286,777,9,98.06,0,121,13,29,0,0
25,453,335,788,2,21.45,1,92,17,45,0,0
21,357,250,607,1,96.18,1,101,19,36,0,0
36,228,283,511,7,51.33,1,94,2,55,0,1
10,318,334,652,9,87.04,0,84,13,13,0,1
39,398,377,775,6,63.58,0,193,2,42,0,1
37,377,18,395,4,65.17,1,60,8,66,0,0
8,247,297,544,3,48.75,1,163,15,76,0,0
7,465,69,534,4,86.28,0,144,11,25,0,1
21,181,356,537,0,41.12,1,110,16,54,0,0
2,400,19,419,5,59.38,1,70,18,27,0,0
12,97,98,195,2,64.81,1,101,19,71,0,0
17,377,76,453,2,79.4,0,171,13,31,0,1
38,627,241,868,5,57.73,1,44,13,60,0,1
39,654,1,655,9,74.42,0,121,16,38,0,1
6,555,6,561,2,58.82,0,155,5,24,0,0
35,596,201,797,9,72.75,1,130,6,51,0,0
4,52,388,440,5,73.93,0,37,7,56,0,0
30,273,211,484,9,76.76,0,106,15,61,0,0
33,523,178,701,3,85.86,0,44,7,71,0,0
35,640,263,903,9,63.26,0,186,3,60,0,1
9,466,220,686,6,35.46,0,76,16,76,0,1
35,682,153,835,6,74.37,1,90,15,38,0,1
5,218,235,453,5,26.17,1,172,12,45,0,0
21,122,1,123,4,37.52,1,91,17,43,0,1
19,69,97,166,5,83.37,1,46,16,52,0,0
13,466,269,735,8,54.81,1,179,18,12,0,1
1,532,136,668,7,59.84,0,133,5,76,0,0
31,228,21,249,0,98.99,1,124,3,46,0,0
14,626,49,675,6,38.81,1,24,7,49,0,0
26,591,346,937,8,21.56,0,95,16,78,0,1
16,288,131,419,7,28.91,0,97,18,41,0,1
15,191,9,200,4,39.56,0,59,3,41,0,1
35,593,291,884,3,78.07,1,117,17,50,0,0
4,537,212,749,6,82.07,1,56,10,84,0,0
29,136,180,316,6,65.24,1,99,16,22,0,1
30,204,357,561,3,40.4,0,162,13,14,0,1
15,388,125,513,4,61.74,1,149,2,9,0,0
11,408,228,636,3,21.2,0,63,10,66,0,0
1,132,297,429,0,74.54,0,49,2,0,1,1
37,758,243,1001,0,69.14,0,11,7,63,0,0
37,310,83,393,0,21.74,0,75,15,79,0,0
10,305,272,577,4,85.36,0,13,13,61,0,1
2,48,297,345,5,81.07,1,34,14,15,0,0
5,700,48,748,4,44.66,0,195,13,59,0,1
3,188,66,254,9,70.83,1,172,1,39,0,0
33,789,269,1058,2,68.12,0,116,12,2,1,1
35,396,47,443,3,31.45,1,157,10,17,0,1
6,699,352,1051,2,35.46,1,102,11,66,0,1
30,143,43,186,2,74.66,1,124,5,50,0,0
7,132,389,521,5,94.68,1,184,14,44,0,0
15,640,268,908,3,66.1,1,24,12,69,0,1
24,655,177,832,3,65.43,1,76,8,47,0,1
29,434,107,541,6,71.73,0,32,2,87,0,0
35,25,137,162,8,55.25,0,161,2,4,1,0
2,754,299,1053,2,24.33,0,166,7,25,0,0
8,314,301,615,1,51.72,0,147,11,16,0,0
11,748,83,831,2,92.02,0,125,19,37,0,0
13,696,217,913,5,84.4,1,100,14,81,0,1
39,681,397,1078,9,94.19,0,14,10,36,0,1
31,551,102,653,1,32.23,0,157,6,28,0,1
13,538,277,815,0,60.48,1,179,4,7,0,1
38,426,68,494,5,66.78,0,193,3,35,0,1
20,19,333,352,9,36.79,1,74,2,20,0,1
20,310,68,378,5,36.08,1,48,18,17,0,1
17,584,119,703,9,82.56,1,134,1,12,0,1
6,649,183,832,6,73.75,1,13,17,56,0,1
37,447,148,595,0,71.78,0,21,12,63,0,1
1,567,68,635,4,41.36,0,166,12,66,0,1
7,17,256,273,7,60.54,1,191,19,4,1,1
9,374,7,381,5,21.85,1,86,15,82,0,0
11,406,393,799,1,30.4,0,106,3,45,0,0
6,713,20,733,1,61.46,1,113,19,50,0,0
1,248,133,381,6,44.77,0,36,4,78,0,0
27,183,371,554,4,97.25,1,52,11,24,0,0
38,281,62,343,5,57.72,1,66,13,45,0,0
5,136,29,165,3,26.69,0,169,5,6,1,0
12,446,297,743,3,21.43,1,93,12,44,0,0
20,514,29,543,6,78.02,1,147,13,23,0,0
37,640,359,999,0,33.72,0,46,19,16,0,1
28,777,180,957,4,35.02,1,191,18,55,0,1
30,58,347,405,3,53.9,0,177,8,11,0,1
23,197,98,295,7,41.12,0,100,14,87,0,1
17,240,56,296,7,69.33,1,52,16,20,0,0
8,199,385,584,4,58.86,1,195,1,7,0,0
34,661,304,965,2,28.92,0,163,14,40,0,0
32,111,364,475,2,82.78,1,107,18,34,0,1
1,23,127,150,2,54.07,0,60,3,59,0,0
28,688,161,849,2,68.87,0,128,15,60,0,0
4,769,230,999,7,20.32,0,80,2,53,0,1
29,181,179,360,0,70.11,0,138,8,51,0,0
33,266,97,363,0,42.63,1,168,16,69,0,1
6,402,150,552,5,59.55,0,103,19,58,0,0
17,420,243,663,2,43.82,0,19,14,12,0,0
5,792,15,807,8,99.7,1,116,14,41,0,0
23,323,134,457,7,38.47,1,173,5,61,0,0
37,9,117,126,7,93.03,0,52,16,24,0,0
4,338,28,366,4,93.44,1,192,13,77,0,1
16,445,49,494,4,53.68,1,78,18,43,0,1
38,413,198,611,4,44.32,1,139,12,28,0,1
12,409,40,449,1,50.48,0,143,1,34,0,0
6,738,137,875,5,99.15,0,44,10,55,0,0
20,645,224,869,8,69.5,1,17,15,63,0,1
20,201,349,550,2,63.58,1,190,15,23,0,1
26,284,39,323,0,22.87,1,143,8,15,0,0
13,534,173,707,5,87.83,1,129,4,8,0,1
38,328,41,369,3,26.7,1,67,17,44,0,1
21,342,171,513,7,23.76,0,30,16,83,0,1
12,134,192,326,8,41.99,1,61,17,86,0,0
38,203,319,522,9,58.06,0,114,13,50,0,1
37,592,176,768,3,91.62,0,141,16,47,0,0
20,674,374,1048,9,83.21,1,70,8,45,0,1
1,627,55,682,1,35.81,0,50,15,21,0,0
24,246,21,267,3,49.77,1,57,10,37,0,0
22,109,1,110,2,82.42,1,192,16,84,0,0
6,127,142,269,9,62.17,1,129,3,55,0,0
25,314,77,391,6,33.96,0,198,6,21,0,0
33,414,36,450,3,51.68,0,11,5,7,0,1
5,714,94,808,1,70.07,1,97,8,67,0,1
29,719,389,1108,7,97.86,0,96,16,81,0,1
6,2,320,322,6,72.94,1,86,3,9,0,1
30,566,7,573,8,21.3,1,84,14,33,0,1
17,239,366,605,4,76.4,1,25,16,76,0,1
1,158,82,240,1,40.07,0,16,13,22,0,0
38,444,162,606,3,88.97,0,157,13,16,0,0
7,27,131,158,6,50.71,0,93,3,35,0,0
24,267,162,429,2,35.97,1,40,12,35,0,1
8,441,304,745,0,57.44,1,76,5,43,0,0
37,217,284,501,8,40.42,0,187,5,86,0,0
29,474,237,711,5,38.87,0,98,17,87,0,0
32,368,250,618,3,65.86,1,198,12,52,0,0
17,639,291,930,5,81.39,1,40,19,6,1,1
19,145,73,218,7,86.8,1,33,9,23,0,0
25,45,158,203,0,51.81,0,117,7,16,0,0
31,423,43,466,4,25.34,1,139,19,0,1,1
34,205,281,486,2,58.72,0,196,12,34,0,1
1,565,175,740,0,54.7,1,98,17,0,1,1
26,74,254,328,0,35.76,0,48,1,51,0,0
5,460,225,685,4,91.69,0,112,10,24,0,0
12,791,109,900,5,97.93,1,68,16,65,0,0
33,74,55,129,5,24.14,1,44,16,47,0,1
10,241,389,630,7,83.66,1,26,14,85,0,0
32,675,117,792,4,71.66,1,147,4,43,0,1
19,426,43,469,5,40.91,0,132,11,14,0,1
10,139,122,261,8,70.81,0,41,2,82,0,0
14,170,360,530,6,30.29,0,116,16,27,0,1
21,611,104,715,9,25.55,1,178,12,68,0,0
30,688,394,1082,2,99.48,0,165,4,70,0,1
24,288,184,472,7,70.91,1,96,14,83,0,0
37,379,344,723,6,40.26,0,20,14,57,0,1
34,626,261,887,5,56.0,1,130,2,46,0,1
30,141,17,158,0,96.01,0,108,2,34,0,0
24,165,203,368,5,55.1,1,185,4,40,0,0
12,619,166,785,8,92.04,1,115,2,70,0,0
17,149,80,229,6,89.5,0,150,11,50,0,0
5,616,219,835,0,47.53,0,110,17,4,1,1
15,397,41,438,2,75.68,1,112,2,33,0,0
37,792,279,1071,5,72.84,1,70,12,82,0,1
17,26,328,354,8,81.7,0,86,9,18,0,1
5,756,37,793,4,49.27,0,66,16,42,0,1
26,180,191,371,8,24.18,1,97,10,75,0,1
38,28,262,290,7,33.68,1,190,13,26,0,0
34,579,24,603,2,69.32,0,74,18,61,0,1
11,426,155,581,1,82.01,1,98,3,70,0,0
18,669,103,772,9,80.48,1,189,6,29,0,0
21,86,15,101,5,66.69,1,38,6,80,0,1
10,64,321,385,8,26.78,0,58,4,40,0,0
11,453,177,630,9,21.38,1,103,13,26,0,1
10,705,300,1005,4,82.57,0,87,1,20,0,1
39,324,234,558,0,63.95,0,74,8,23,0,0
30,638,350,988,9,82.62,0,157,3,50,0,1
33,724,398,1122,5,33.02,0,104,12,20,0,1
32,695,240,935,1,52.59,1,79,15,32,0,1
38,406,140,546,5,93.53,0,101,9,63,0,0
5,558,169,727,0,33.73,0,178,9,78,0,0
35,420,330,750,2,24.92,0,196,9,61,0,1
3,539,170,709,3,72.28,0,56,4,47,0,0
19,453,207,660,4,67.56,1,17,8,62,0,1
24,420,77,497,5,96.16,0,15,18,37,0,0
14,349,396,745,8,92.52,0,94,1,24,0,1
6,522,260,782,3,79.95,0,129,15,67,0,0
8,600,132,732,7,21.53,0,19,4,12,0,1
33,735,234,969,9,58.43,1,106,3,81,0,1
13,490,160,650,7,91.69,0,85,6,38,0,1
13,80,61,141,2,54.69,0,187,6,73,0,0
37,469,349,818,6,96.97,1,124,7,8,0,1
6,252,354,606,2,72.2,0,90,17,44,0,0
36,21,333,354,4,28.76,0,121,18,37,0,1
36,57,147,204,6,60.74,0,35,14,32,0,1
24,473,102,575,2,75.65,0,100,3,46,0,0
7,755,19,774,0,25.23,0,72,18,59,0,1
7,404,292,696,8,47.57,0,44,17,84,0,0
12,356,131,487,7,77.37,0,84,2,73,0,0
23,70,356,426,1,32.57,0,131,8,20,0,0
6,540,347,887,3,47.87,0,120,15,88,0,0
18,44,51,95,2,75.19,1,193,2,44,0,0
5,672,366,1038,9,82.04,0,62,2,41,0,1
22,653,56,709,9,61.48,0,142,12,0,1,1
1,792,196,988,6,96.55,0,114,7,60,0,0
28,227,189,416,4,94.03,1,176,9,79,0,1
3,129,382,511,0,57.87,0,182,15,26,0,0
8,239,262,501,2,32.82,0,144,11,78,0,0
7,639,350,989,0,81.83,1,90,14,7,0,0
33,175,238,413,7,39.45,0,111,3,87,0,1
3,709,330,1039,0,87.43,0,133,1,22,0,0
17,123,340,463,6,66.97,0,163,5,43,0,0
24,39,343,382,9,51.53,1,53,4,1,1,1
21,175,164,339,3,64.51,1,175,7,80,0,0
27,603,152,755,6,62.62,1,162,15,45,0,0
32,481,393,874,8,93.98,1,26,3,87,0,0
16,283,302,585,4,37.15,1,61,3,33,0,0
33,524,366,890,4,94.25,0,54,4,5,1,1
13,518,230,748,2,22.51,0,120,7,61,0,0
39,443,371,814,4,81.54,0,49,4,14,0,1
20,411,287,698,8,93.57,1,67,4,55,0,0
29,81,297,378,6,51.52,1,45,12,3,1,1
35,207,71,278,2,25.85,1,22,3,15,0,0
31,422,226,648,5,84.37,1,97,3,57,0,0
34,108,292,400,7,87.43,1,70,16,60,0,0
21,380,304,684,0,46.9,1,105,1,13,0,1
2,93,383,476,7,61.49,1,50,2,16,0,1
20,629,130,759,2,84.76,1,64,2,77,0,1
8,82,121,203,2,35.36,0,179,11,0,1,0
35,74,387,461,4,70.32,1,162,14,20,0,1
10,510,394,904,5,54.45,1,60,14,87,0,0
9,176,71,247,9,33.95,0,40,14,49,0,0
10,281,151,432,2,86.52,1,195,2,2,1,1
26,251,379,630,2,45.97,0,139,7,80,0,0
23,173,79,252,3,94.75,0,103,13,30,0,0
38,609,313,922,8,65.51,1,142,13,64,0,1
17,553,44,597,9,61.16,0,52,7,57,0,1
12,191,71,262,4,53.86,0,91,17,33,0,0
2,549,313,862,6,52.05,1,84,16,33,0,0
1,570,242,812,9,85.44,0,146,15,49,0,1
15,431,221,652,8,74.2,0,44,16,34,0,0
37,462,342,804,6,81.9,1,102,19,15,0,1
21,747,122,869,5,53.69,1,168,16,65,0,1
35,363,201,564,9,40.91,0,47,12,60,0,1
4,308,243,551,2,26.95,0,32,8,54,0,0
4,431,295,726,3,82.13,1,166,7,66,0,0
33,668,132,800,7,53.22,1,175,16,46,0,1
5,567,253,820,0,60.74,1,91,6,83,0,0
3,60,179,239,5,57.55,0,18,12,79,0,1
16,367,216,583,8,54.49,1,112,10,88,0,1
37,591,345,936,1,74.71,1,66,8,9,0,0
27,179,157,336,8,68.7,0,121,9,9,0,1
4,790,267,1057,4,97.76,1,36,2,42,0,0
33,646,376,1022,8,31.11,0,162,14,62,0,1
33,677,304,981,6,65.88,1,140,2,21,0,1
32,65,395,460,1,25.06,1,132,2,10,0,0
36,463,233,696,7,84.63,0,107,5,3,1,1
10,422,112,534,0,69.3,1,51,11,49,0,0
39,501,396,897,2,54.27,0,188,6,88,0,1
13,680,257,937,8,84.18,1,60,17,41,0,0
32,282,96,378,8,56.4,0,79,18,66,0,1
23,427,126,553,0,38.22,1,185,8,4,1,1
31,543,104,647,3,57.8,0,17,19,19,0,1
25,602,333,935,0,25.67,0,33,2,61,0,1
26,616,37,653,2,91.83,1,154,3,36,0,0
25,269,295,564,9,78.48,0,79,7,2,1,1
31,798,221,1019,1,80.83,0,120,18,20,0,1
29,7,29,36,6,89.96,1,120,10,71,0,0
6,393,245,638,8,83.33,0,167,14,61,0,0
33,487,301,788,8,54.55,1,127,13,72,0,1
21,49,290,339,3,29.49,1,90,10,31,0,1
13,360,211,571,6,49.87,1,114,18,83,0,1
21,476,134,610,4,94.73,0,150,19,82,0,1
38,486,65,551,1,95.93,0,82,9,33,0,0
34,95,4,99,2,81.43,0,42,14,18,0,0
33,222,143,365,7,36.35,1,102,12,86,0,1
19,195,252,447,6,35.56,1,199,12,31,0,0
31,511,15,526,5,90.38,1,31,2,44,0,1
16,263,399,662,7,31.35,0,42,4,83,0,1
27,457,234,691,6,66.73,0,199,19,24,0,1
25,584,117,701,3,50.26,1,167,5,79,0,0
10,637,384,1021,2,44.16,1,32,13,14,0,1
11,147,73,220,9,74.19,1,50,18,26,0,1
3,722,383,1105,9,96.77,0,141,12,34,0,1
6,132,112,244,0,82.21,0,158,5,43,0,0
17,17,151,168,7,58.89,0,149,17,21,0,0
19,35,170,205,1,55.26,1,173,1,79,0,1
7,160,397,557,8,92.61,1,106,14,59,0,0
17,698,100,798,5,66.25,1,176,6,60,0,1
24,166,389,555,6,59.73,1,123,13,65,0,1
10,554,138,692,7,74.63,0,100,10,57,0,1
14,334,114,448,6,38.97,0,130,11,57,0,0
15,31,255,286,2,25.1,1,91,8,59,0,0
20,355,277,632,8,88.41,0,125,11,64,0,0
15,22,138,160,5,68.58,0,168,18,82,0,0
29,380,53,433,5,33.19,1,192,16,17,0,1
13,446,158,604,3,43.84,1,120,8,46,0,1
17,417,216,633,0,99.19,0,11,18,16,0,0
15,226,16,242,5,70.75,1,128,17,16,0,0
8,613,31,644,3,70.89,0,57,12,85,0,0
27,477,367,844,6,25.77,0,54,12,42,0,1
10,203,14,217,3,97.52,1,177,1,63,0,0
12,347,162,509,9,91.42,0,94,10,65,0,1
31,86,305,391,6,63.82,0,160,5,2,1,1
38,738,131,869,4,44.75,0,80,4,44,0,1
27,602,197,799,7,75.84,1,125,17,16,0,1
36,230,34,264,6,86.67,1,136,6,28,0,1
34,539,317,856,6,82.89,0,179,12,16,0,1
19,543,253,796,5,98.16,1,47,17,59,0,1
31,487,340,827,9,70.95,0,116,12,11,0,1
13,43,345,388,3,45.7,0,87,15,40,0,0
18,702,140,842,4,59.83,0,98,15,27,0,1
21,764,16,780,2,85.31,0,171,9,86,0,0
38,779,138,917,5,41.23,1,35,18,70,0,1
34,784,58,842,9,38.51,1,113,18,31,0,1
20,743,213,956,6,77.99,1,83,7,26,0,0
26,591,58,649,2,55.55,0,180,16,64,0,0
8,45,368,413,9,85.33,1,51,4,56,0,0
32,372,240,612,7,31.49,0,54,3,49,0,1
22,196,101,297,4,46.86,1,27,11,6,1,1
21,175,368,543,1,41.45,0,93,12,6,1,1
30,664,307,971,4,75.83,0,12,12,57,0,1
25,650,175,825,8,80.75,1,105,16,42,0,1
3,417,58,475,5,56.48,1,52,8,74,0,1
12,589,137,726,1,58.24,0,86,16,2,1,1
7,103,233,336,1,30.56,0,124,18,16,0,0
29,177,306,483,9,76.15,1,140,2,71,0,0
2,688,104,792,4,99.39,0,21,9,88,0,0
8,360,297,657,6,82.23,1,38,5,66,0,1
24,437,113,550,3,37.85,0,70,13,1,1,1
28,370,98,468,0,69.85,0,108,8,4,1,1
20,161,178,339,4,43.6,0,177,6,79,0,1
34,661,64,725,6,22.41,1,36,5,44,0,1
36,606,161,767,3,34.39,0,22,7,44,0,1
6,547,143,690,6,28.21,0,129,3,86,0,0
38,282,112,394,4,35.67,1,195,2,22,0,0
24,514,310,824,3,83.65,0,167,12,25,0,1
25,762,132,894,2,43.43,0,117,18,61,0,1
4,519,278,797,2,80.56,1,13,10,81,0,0
25,395,288,683,2,95.91,1,119,18,32,0,0
29,216,266,482,7,65.94,0,96,3,13,0,1
23,418,107,525,3,58.83,0,94,19,5,1,0
4,297,331,628,7,80.01,1,103,12,0,1,1
21,489,94,583,3,27.77,1,116,15,33,0,1
37,36,110,146,3,54.26,1,146,2,47,0,1
29,152,349,501,9,59.91,0,46,12,44,0,0
6,629,135,764,8,86.48,0,24,8,21,0,0
38,304,278,582,4,85.14,0,19,18,60,0,1
38,346,16,362,2,87.86,1,87,16,79,0,0
7,435,245,680,7,75.83,1,106,17,20,0,1
32,350,347,697,0,62.44,1,159,17,60,0,0
16,606,283,889,4,86.23,1,92,14,49,0,0
24,196,232,428,5,89.86,0,111,5,61,0,0
18,606,339,945,6,58.44,1,195,6,1,1,0
31,167,119,286,1,98.85,1,152,17,60,0,0
39,296,150,446,0,89.99,1,141,12,67,0,0
32,470,27,497,2,60.84,1,79,17,61,0,0
37,708,279,987,1,25.54,0,38,16,75,0,1
37,186,289,475,5,37.96,0,184,12,67,0,0
4,469,300,769,9,82.11,0,115,3,88,0,0
10,51,299,350,2,28.89,0,24,19,60,0,0
29,60,50,110,4,57.58,0,101,5,40,0,1
24,614,266,880,2,68.39,0,27,5,75,0,1
2,575,305,880,0,90.27,1,196,3,62,0,0
4,301,81,382,7,87.77,0,110,2,50,0,0
21,498,190,688,2,81.14,0,159,8,52,0,0
25,304,365,669,5,52.62,0,99,17,31,0,1
7,221,165,386,6,31.38,1,13,17,55,0,0
7,345,301,646,8,73.57,1,131,10,42,0,0
6,249,212,461,1,34.5,1,134,6,11,0,0
23,652,263,915,5,64.91,1,53,7,39,0,1
1,329,250,579,9,98.45,0,146,18,85,0,0
23,256,260,516,4,64.02,1,52,2,29,0,0
19,428,311,739,0,71.64,0,141,2,60,0,0
19,606,361,967,2,74.21,0,152,2,37,0,0
27,218,118,336,7,86.43,1,36,17,25,0,0
21,751,371,1122,7,54.8,0,65,2,34,0,0
29,370,251,621,3,59.8,1,41,18,86,0,0
30,528,238,766,1,34.08,0,148,4,10,0,0
36,765,131,896,2,69.17,1,54,11,60,0,0
32,345,166,511,2,43.66,0,131,19,74,0,0
21,159,260,419,7,60.61,1,89,3,16,0,1
20,598,145,743,8,81.32,1,25,6,68,0,0
10,5,114,119,0,21.41,1,177,14,57,0,0
24,366,327,693,7,65.11,0,145,16,30,0,1
6,783,166,949,7,33.88,1,59,18,15,0,1
37,331,257,588,6,42.35,1,177,1,85,0,1
33,547,12,559,8,22.78,1,144,15,17,0,1
5,420,30,450,0,33.56,0,165,7,85,0,0
31,171,339,510,6,98.93,1,43,11,58,0,0
5,254,56,310,1,99.88,1,11,18,77,0,0
29,418,318,736,8,77.59,0,21,18,26,0,1
4,83,360,443,4,68.95,1,112,4,2,1,1
20,331,192,523,0,82.16,0,159,9,58,0,0
26,331,353,684,7,91.72,1,183,6,33,0,1
29,667,170,837,7,61.54,0,192,12,49,0,0
17,99,380,479,4,22.82,1,123,16,41,0,1
36,674,94,768,3,76.75,1,129,7,28,0,0
31,328,171,499,0,98.77,1,65,3,64,0,0
9,521,155,676,9,40.64,1,10,2,45,0,1
27,445,313,758,1,57.08,1,46,2,57,0,0
29,239,17,256,8,48.9,1,20,7,60,0,0
14,744,331,1075,5,51.24,0,140,19,61,0,0
29,179,9,188,6,77.71,1,105,5,29,0,0
36,28,126,154,6,50.27,0,156,8,69,0,0
32,600,238,838,8,95.29,0,38,13,19,0,1
30,497,58,555,0,83.17,1,183,13,85,0,0
25,712,196,908,9,22.21,0,146,6,72,0,0
11,366,398,764,0,85.48,0,182,3,49,0,0
32,13,329,342,9,81.83,1,133,3,16,0,1
15,16,12,28,2,61.32,1,74,5,81,0,0
21,346,236,582,8,59.75,1,128,2,49,0,1
13,199,238,437,0,86.84,0,124,9,73,0,0
13,737,27,764,4,53.98,1,44,13,2,1,1
7,94,260,354,5,32.76,1,29,13,30,0,1
38,704,208,912,9,45.03,0,133,18,26,0,1
6,173,272,445,1,41.22,0,27,6,73,0,0
4,95,119,214,0,74.48,1,29,13,41,0,0
37,219,102,321,6,34.31,1,23,17,10,0,1
22,115,294,409,0,71.58,1,128,1,55,0,0
18,321,288,609,7,57.28,0,186,15,14,0,0
29,264,64,328,0,87.17,0,104,2,40,0,0
15,423,86,509,9,58.8,0,38,11,89,0,1
5,429,234,663,5,94.38,1,107,16,39,0,0
29,0,331,331,9,92.04,1,101,9,38,0,0
7,99,80,179,1,34.82,1,122,11,3,1,0
22,129,87,216,2,74.89,0,92,12,41,0,0
38,155,323,478,4,37.17,0,111,11,86,0,0
37,74,278,352,0,85.86,0,71,14,85,0,1
15,251,360,611,1,70.86,0,182,17,86,0,0
31,439,313,752,3,43.53,1,112,3,32,0,1
24,247,381,628,7,39.93,0,69,8,5,1,1
19,263,75,338,7,54.37,1,10,17,21,0,1
6,375,108,483,0,84.06,1,138,8,19,0,0
15,438,95,533,0,83.69,0,82,10,7,0,0
26,264,22,286,6,22.67,1,57,15,63,0,1
39,177,311,488,3,44.18,1,101,18,47,0,1
1,327,264,591,7,53.83,0,102,5,64,0,0
28,19,34,53,2,66.85,0,162,19,17,0,0
34,394,79,473,3,31.96,0,113,14,62,0,1
38,753,76,829,2,46.82,0,143,1,5,1,1
17,318,161,479,2,90.85,1,132,17,64,0,0
5,86,182,268,7,58.12,1,171,8,73,0,0
11,565,115,680,4,79.53,0,11,6,22,0,0
34,101,372,473,6,58.78,0,81,10,29,0,0
35,154,85,239,0,57.2,1,145,11,39,0,0
25,117,224,341,5,69.75,0,36,11,52,0,0
5,706,175,881,4,40.75,0,93,2,47,0,1
5,785,155,940,9,39.98,0,86,16,9,0,1
19,455,330,785,4,99.15,0,163,7,34,0,0
23,494,391,885,1,89.52,1,192,3,45,0,1
2,516,2,518,6,79.02,1,30,11,55,0,0
27,488,185,673,1,30.97,1,50,12,56,0,0
22,435,47,482,9,22.42,0,157,2,59,0,1
1,789,173,962,3,34.03,0,43,18,40,0,0
4,586,246,832,7,95.02,0,104,12,45,0,1
18,70,164,234,6,85.3,1,189,19,30,0,0
29,313,123,436,4,61.85,0,195,13,24,0,0
33,779,124,903,5,97.5,1,190,1,27,0,0
17,322,119,441,1,31.73,0,35,4,39,0,1
12,163,130,293,0,64.73,0,38,19,9,0,0
38,694,149,843,7,34.66,1,43,11,19,0,1
18,498,275,773,9,44.51,1,156,3,10,0,1
13,450,38,488,8,95.21,1,44,2,36,0,1
18,336,16,352,3,89.46,0,91,11,44,0,0
1,99,206,305,3,28.14,1,165,12,14,0,1
12,307,272,579,3,39.96,0,103,5,12,0,0
21,349,103,452,7,67.56,0,188,4,47,0,1
36,744,80,824,6,24.91,0,104,12,20,0,1
29,245,249,494,7,64.01,0,82,9,78,0,0
31,119,153,272,9,66.76,0,193,1,14,0,0
22,342,294,636,3,43.28,1,113,2,43,0,0
5,797,58,855,6,43.45,1,45,5,72,0,0
16,385,48,433,5,38.33,0,130,11,9,0,1
39,303,221,524,9,94.85,1,156,6,40,0,1
2,533,156,689,3,51.11,1,169,1,42,0,1
35,519,291,810,1,66.82,1,11,18,49,0,1
27,239,202,441,3,44.13,1,30,14,79,0,0
12,774,141,915,6,76.21,0,129,12,52,0,0
31,474,63,537,9,28.12,1,150,5,33,0,1
33,46,65,111,8,25.73,0,134,14,35,0,0
2,326,302,628,0,79.54,0,82,18,56,0,1
5,738,90,828,5,78.13,0,153,13,26,0,0
26,314,200,514,1,41.2,0,120,6,61,0,0
39,454,327,781,3,48.4,0,185,8,34,0,1
1,490,359,849,9,96.58,0,79,18,5,1,1
26,563,107,670,9,28.35,1,153,1,48,0,0
6,697,43,740,1,34.65,1,37,5,22,0,0
26,119,309,428,1,54.4,1,149,3,32,0,0
25,413,274,687,6,42.57,0,149,13,29,0,1
4,426,132,558,4,71.92,1,58,9,12,0,0
27,121,237,358,4,75.25,0,21,3,26,0,0
35,538,75,613,8,62.11,1,198,18,82,0,1
34,94,280,374,9,68.9,0,24,11,28,0,1
2,364,290,654,9,54.67,0,98,5,65,0,0
10,264,119,383,7,80.83,0,10,18,36,0,0
10,123,187,310,9,23.37,0,89,14,5,1,1
18,657,133,790,7,45.03,1,165,3,75,0,0
6,195,12,207,8,74.75,0,105,16,81,0,0
34,204,50,254,5,46.37,1,55,2,21,0,1
31,683,383,1066,0,26.28,1,84,18,15,0,1
32,701,182,883,8,47.6,0,27,8,83,0,1
8,27,59,86,9,76.92,0,122,6,8,0,0
1,222,17,239,3,29.76,0,10,2,80,0,0
36,567,141,708,4,77.97,0,76,18,15,0,1
12,622,393,1015,5,82.04,1,21,11,78,0,1
26,799,153,952,6,70.82,1,55,12,83,0,1
36,443,399,842,6,39.54,0,22,17,21,0,1
2,5,195,200,3,84.42,0,186,10,19,0,0
1,698,305,1003,8,37.16,1,156,6,9,0,1
1,128,314,442,8,92.47,1,186,15,70,0,0
7,96,11,107,9,76.53,0,139,11,31,0,1
3,539,2,541,5,24.38,0,104,5,57,0,0
32,483,368,851,0,83.94,0,43,17,55,0,1
24,47,372,419,8,60.51,1,192,16,46,0,0
39,135,53,188,0,56.21,1,184,5,21,0,1
32,471,258,729,1,53.64,0,88,13,32,0,0
38,204,369,573,2,68.53,0,52,18,45,0,0
10,547,380,927,1,77.97,1,83,16,8,0,0
12,329,118,447,7,91.68,0,84,4,36,0,0
34,470,326,796,4,41.84,1,184,17,63,0,0
10,379,258,637,2,70.46,0,22,2,37,0,0
3,292,371,663,0,74.91,0,130,12,35,0,0
27,273,58,331,2,73.98,0,156,10,75,0,0
32,557,240,797,6,59.44,1,154,1,48,0,1
38,411,9,420,7,51.28,0,46,14,66,0,1
37,475,142,617,2,80.99,1,88,6,4,1,1
5,461,4,465,0,44.0,1,74,17,83,0,0
31,166,177,343,5,36.64,1,87,17,69,0,1
33,730,324,1054,7,63.67,1,26,12,74,0,1
28,450,263,713,0,41.41,1,25,12,62,0,0
32,574,126,700,7,22.66,1,14,1,48,0,1
33,705,170,875,1,24.13,1,193,17,47,0,1
18,739,146,885,2,75.6,1,89,13,56,0,0
2,533,292,825,6,97.85,0,53,8,44,0,1
18,629,106,735,0,56.38,0,161,2,65,0,1
8,377,36,413,3,31.76,0,103,10,30,0,0
5,590,202,792,1,85.45,0,79,18,69,0,0
5,257,331,588,2,40.91,0,31,17,30,0,0
28,569,190,759,7,99.65,0,83,2,42,0,0
20,68,81,149,2,65.06,1,132,15,6,1,0
22,731,18,749,0,38.61,0,128,2,81,0,0
30,195,377,572,2,59.68,1,84,8,61,0,1
22,525,304,829,0,46.83,1,126,9,22,0,1
25,8,62,70,6,82.36,1,155,1,4,1,1
4,124,29,153,9,28.47,1,186,3,76,0,1
34,789,51,840,1,88.56,0,110,17,0,1,1
18,666,150,816,7,81.39,1,53,12,43,0,1
7,177,324,501,3,88.91,1,34,15,2,1,1
32,104,63,167,0,91.6,0,39,11,62,0,0
29,651,327,978,6,38.38,1,12,9,18,0,1
3,792,0,792,2,61.68,0,116,1,38,0,1
8,134,295,429,5,87.99,0,50,11,51,0,0
1,531,112,643,5,50.19,0,52,15,33,0,1
11,226,384,610,5,24.83,1,147,4,61,0,1
4,595,190,785,1,43.33,1,70,10,45,0,0
28,334,108,442,2,39.35,0,167,8,37,0,1
21,100,97,197,7,89.61,0,36,17,29,0,0
39,259,330,589,9,57.11,1,74,4,36,0,1
30,430,161,591,0,74.68,1,19,3,28,0,1
24,638,140,778,4,96.97,0,111,5,51,0,0
20,16,294,310,8,43.94,0,33,3,68,0,1
3,766,214,980,2,80.9,1,55,17,53,0,1
3,519,265,784,4,21.82,0,149,5,2,1,1
25,700,178,878,9,28.33,0,177,7,76,0,1
1,744,25,769,9,32.95,0,113,5,70,0,1
2,122,2,124,6,44.99,0,193,16,73,0,0
9,74,15,89,6,52.24,1,153,13,4,1,0
35,621,229,850,6,58.16,1,153,10,74,0,0
18,150,205,355,2,39.63,0,198,16,42,0,0
28,118,299,417,8,25.3,1,26,2,75,0,0
17,374,357,731,0,74.2,0,54,13,70,0,0
7,730,69,799,0,21.89,0,93,7,79,0,0
15,636,382,1018,6,84.76,1,127,8,10,0,0
4,414,372,786,8,94.33,0,198,4,49,0,0
31,157,246,403,8,76.83,1,28,2,65,0,0
8,269,212,481,6,67.68,1,53,14,53,0,0
15,550,70,620,3,72.56,1,66,17,73,0,0
39,125,71,196,3,72.18,1,137,18,65,0,0
24,419,7,426,4,94.54,0,190,5,3,1,1
18,9,258,267,2,97.14,0,188,15,17,0,1
22,260,173,433,4,54.14,1,152,3,57,0,1
31,198,76,274,1,69.37,0,156,15,32,0,0
10,544,53,597,3,84.22,1,88,11,32,0,1
25,731,25,756,9,20.08,0,125,17,82,0,1
35,117,256,373,7,62.16,0,42,2,8,0,1
23,637,274,911,1,72.23,1,106,15,47,0,0
18,524,252,776,2,77.38,0,65,9,28,0,1
6,775,44,819,2,49.5,1,186,11,4,1,1
10,729,16,745,2,43.65,1,79,11,33,0,0
37,80,42,122,6,34.57,1,84,14,36,0,0
22,594,300,894,8,64.63,0,86,12,40,0,1
12,473,295,768,7,93.54,0,181,8,14,0,1
17,90,117,207,4,91.68,0,187,9,65,0,0
23,205,22,227,1,48.8,1,91,2,32,0,0
21,741,127,868,1,40.63,0,199,14,51,0,1
28,434,323,757,8,83.1,0,153,14,49,0,1
11,270,57,327,6,78.0,1,170,11,50,0,0
26,256,318,574,5,60.43,1,183,14,45,0,0
18,670,185,855,5,51.12,0,73,6,27,0,0
37,226,56,282,8,29.9,0,114,5,44,0,0
7,127,373,500,8,82.81,0,64,18,47,0,0
6,459,207,666,0,69.4,0,68,19,1,1,0
19,794,268,1062,3,50.15,0,98,17,65,0,1
20,146,38,184,0,93.5,0,19,1,40,0,1
27,204,148,352,3,72.77,1,50,11,26,0,1
16,375,253,628,6,94.34,0,163,14,2,1,1
36,159,258,417,2,57.95,1,41,1,27,0,1
19,520,25,545,1,56.37,0,128,19,36,0,0
6,202,241,443,4,94.98,1,155,15,75,0,0
5,102,377,479,5,96.78,1,59,6,58,0,1
38,209,314,523,7,96.86,1,97,10,37,0,0
6,744,83,827,0,85.51,1,176,18,11,0,0
37,747,365,1112,2,56.99,0,168,17,24,0,1
11,404,273,677,7,36.82,1,184,16,82,0,1
4,320,22,342,6,50.68,0,129,19,11,0,0
12,655,51,706,8,95.06,1,178,15,56,0,0
24,155,368,523,8,49.08,0,85,18,46,0,1
17,523,83,606,8,80.54,0,124,19,19,0,1
31,544,38,582,5,93.84,1,136,1,78,0,0
24,568,180,748,9,97.63,1,195,13,35,0,0
16,174,210,384,4,95.81,0,79,7,59,0,0
25,572,229,801,9,64.4,0,176,10,8,0,1
38,489,263,752,3,59.35,1,106,4,86,0,1
17,700,399,1099,4,99.01,0,29,13,1,1,1
6,139,303,442,6,37.45,0,134,16,27,0,0
16,490,10,500,3,35.0,0,196,8,82,0,1
33,663,35,698,1,97.05,0,96,14,57,0,0
9,222,0,222,8,75.14,0,114,7,60,0,0
38,595,158,753,4,62.9,0,186,15,28,0,1
23,79,140,219,9,30.56,1,184,2,70,0,0
24,574,373,947,3,61.06,1,86,17,83,0,1
13,485,146,631,9,95.54,0,154,8,55,0,1
36,154,12,166,6,68.23,0,129,10,19,0,1
2,53,353,406,7,52.37,0,133,16,81,0,0
12,596,104,700,7,64.09,1,146,1,0,1,0
17,193,365,558,2,90.89,1,72,18,80,0,0
19,397,309,706,8,93.03,0,67,12,0,1,1
19,48,352,400,9,52.01,0,15,19,5,1,0
6,770,327,1097,6,68.64,0,172,11,3,1,1
9,439,57,496,9,42.34,1,62,4,17,0,1
4,745,250,995,8,56.09,0,138,12,65,0,1
23,128,164,292,6,37.59,0,140,11,35,0,1
14,164,251,415,4,62.52,0,143,18,7,0,1
23,488,298,786,8,66.26,1,173,11,30,0,1
23,483,200,683,1,47.03,0,174,8,89,0,0
28,632,125,757,5,41.77,1,10,4,47,0,1
22,742,366,1108,8,32.08,1,169,7,65,0,1
26,657,265,922,9,31.16,0,49,12,23,0,1
23,112,354,466,2,76.92,0,132,8,46,0,0
26,247,94,341,0,37.73,1,137,7,71,0,0
25,731,335,1066,3,29.44,1,20,1,60,0,1
13,439,129,568,8,99.91,0,63,18,0,1,1
10,693,184,877,5,40.79,0,182,16,54,0,1
31,450,344,794,0,91.68,0,36,5,71,0,0
14,39,141,180,1,68.73,1,54,3,12,0,0
22,378,100,478,3,77.21,1,25,16,35,0,0
8,659,366,1025,3,64.87,0,41,16,58,0,0
17,524,385,909,1,34.46,1,131,18,0,1,1
21,106,124,230,4,87.76,0,169,11,63,0,0
25,168,122,290,4,86.24,0,123,14,76,0,0
21,683,91,774,1,47.97,0,64,14,47,0,0
15,783,9,792,2,81.11,0,173,5,40,0,0
38,602,221,823,6,63.44,1,79,10,8,0,1
20,78,101,179,9,92.72,0,69,5,65,0,1
32,495,339,834,9,84.23,1,106,15,84,0,0
29,663,68,731,5,23.28,1,35,19,79,0,1
22,512,254,766,0,90.34,0,77,2,49,0,0
35,475,202,677,8,97.49,1,161,2,3,1,0
6,373,244,617,9,79.37,0,125,6,25,0,1
36,195,45,240,2,29.59,0,197,3,23,0,1
34,224,186,410,4,84.59,0,157,1,0,1,1
20,596,250,846,0,71.8,1,78,19,10,0,0
29,55,136,191,8,47.11,1,155,12,51,0,1
21,67,349,416,7,90.72,0,174,15,8,0,0
11,317,211,528,0,65.25,1,129,11,3,1,1
32,619,145,764,7,88.23,1,154,15,85,0,1
10,525,12,537,4,73.61,0,105,14,54,0,1
13,471,67,538,5,43.08,1,183,4,72,0,0
21,427,190,617,2,98.0,1,55,3,22,0,1
33,88,160,248,8,65.68,1,90,10,32,0,0
15,265,348,613,4,61.34,0,58,8,54,0,0
20,63,314,377,8,52.28,0,29,16,61,0,0
2,606,63,669,1,30.91,1,127,6,33,0,1
5,600,236,836,5,74.9,0,32,7,82,0,0
3,206,181,387,3,54.46,1,52,11,63,0,1
3,234,40,274,9,94.77,0,155,4,19,0,0
34,253,266,519,5,97.21,1,55,17,8,0,1
33,711,214,925,7,81.41,1,174,1,1,1,1
33,390,34,424,0,39.4,1,19,17,76,0,0
3,609,187,796,6,77.28,1,96,12,74,0,1
4,359,292,651,1,21.63,1,22,17,43,0,1
11,558,130,688,3,86.11,0,21,6,65,0,0
23,422,142,564,2,59.49,1,160,18,79,0,0
14,222,44,266,0,94.94,0,22,17,14,0,0
20,701,81,782,5,50.22,0,179,9,88,0,0
7,567,392,959,2,41.05,0,123,6,44,0,1
29,615,248,863,5,99.6,0,101,4,39,0,0
13,758,70,828,7,62.45,1,184,3,14,0,1
3,199,193,392,1,89.05,0,83,12,60,0,1
29,73,77,150,7,92.88,1,85,19,54,0,0
36,465,177,642,2,61.48,0,87,11,2,1,0
1,260,58,318,3,56.46,0,133,19,58,0,0
18,348,247,595,5,64.23,1,170,15,12,0,1
33,187,228,415,6,87.82,1,112,14,24,0,1
28,318,253,571,6,97.17,1,63,14,55,0,0
34,314,177,491,1,46.27,0,179,18,70,0,1
17,280,114,394,5,79.09,1,123,17,12,0,0
15,593,99,692,2,42.83,1,168,4,42,0,1
28,474,86,560,2,68.88,1,92,12,25,0,1
6,379,171,550,9,84.38,0,47,9,63,0,1
10,90,180,270,1,90.92,0,189,17,74,0,0
24,456,269,725,4,55.9,0,138,4,57,0,1
27,140,20,160,4,49.58,0,68,16,71,0,0
5,251,112,363,2,40.28,1,171,10,40,0,0
20,331,341,672,7,30.67,1,11,18,53,0,1
15,113,366,479,4,49.19,1,186,16,26,0,1
20,311,372,683,7,89.76,0,119,7,88,0,0
38,213,122,335,3,53.5,0,122,17,18,0,1
3,679,54,733,8,45.38,0,12,4,82,0,1
39,687,79,766,7,79.13,1,43,1,67,0,1
18,3,52,55,3,37.25,0,146,10,88,0,1
31,481,381,862,9,40.5,1,116,8,57,0,1
17,512,353,865,8,94.87,0,34,3,31,0,1
13,302,324,626,5,26.53,0,136,19,25,0,1
31,375,291,666,0,53.17,0,151,1,16,0,1
27,631,137,768,5,66.14,1,61,12,87,0,1
6,302,190,492,6,38.42,0,140,5,9,0,1
28,51,336,387,3,42.48,1,194,6,72,0,0
30,298,325,623,1,37.75,0,101,5,62,0,1
16,203,207,410,5,47.61,0,53,8,11,0,0
37,306,335,641,8,91.88,1,192,13,82,0,1
25,184,138,322,3,54.53,1,183,7,14,0,1
14,119,165,284,4,53.43,1,96,14,14,0,0
1,788,335,1123,0,50.93,1,90,9,48,0,1
27,103,150,253,7,97.13,0,168,15,9,0,1
9,564,300,864,8,29.38,0,10,9,9,0,1
30,574,181,755,7,89.75,1,69,7,56,0,1
21,494,119,613,4,46.17,1,113,10,86,0,0
19,729,87,816,0,96.52,1,134,14,4,1,1
7,3,242,245,4,45.22,0,129,9,57,0,1
28,241,191,432,9,26.63,0,80,18,54,0,1
7,147,147,294,0,61.6,1,175,10,5,1,0
17,461,297,758,2,38.23,1,133,6,13,0,1
33,508,0,508,8,80.24,1,112,1,39,0,1
36,718,36,754,5,72.58,1,188,8,62,0,0
39,303,384,687,1,74.92,0,27,2,19,0,0
38,188,265,453,0,35.48,0,144,1,39,0,1
22,739,219,958,4,76.69,1,186,8,44,0,1
8,538,5,543,5,44.91,1,135,6,64,0,0
33,611,239,850,8,99.89,0,117,17,22,0,0
32,355,173,528,8,78.54,0,79,14,62,0,0
39,357,239,596,4,67.23,1,61,16,74,0,0
26,311,16,327,4,89.37,1,113,11,52,0,0
6,599,220,819,9,67.14,1,180,3,64,0,1
20,168,231,399,7,64.22,1,97,17,15,0,1
18,780,116,896,2,38.99,0,32,10,81,0,0
33,140,21,161,6,74.25,0,101,9,27,0,0
16,368,388,756,7,49.97,1,28,12,17,0,1
13,251,283,534,2,23.45,1,187,4,49,0,1
4,514,248,762,9,85.28,0,111,10,34,0,1
33,544,306,850,2,24.15,1,50,12,41,0,0
30,734,268,1002,5,73.78,1,128,14,72,0,1
2,631,53,684,4,32.54,1,112,10,48,0,0
17,198,181,379,6,54.61,1,107,19,33,0,0
19,165,355,520,9,88.73,1,122,19,72,0,1
19,709,115,824,3,27.55,1,186,2,34,0,1
36,390,388,778,3,73.37,1,172,2,86,0,0
6,78,25,103,7,69.01,0,59,10,88,0,0
12,659,132,791,9,89.4,0,55,16,42,0,1
8,518,140,658,9,33.82,1,198,10,69,0,0
10,20,246,266,7,83.98,1,132,5,63,0,0
36,626,70,696,7,56.01,1,13,11,77,0,1
37,485,91,576,7,54.29,1,110,18,41,0,1
2,491,264,755,9,48.94,1,32,4,36,0,1
25,691,113,804,0,50.85,0,15,9,24,0,1
10,396,351,747,5,61.6,1,45,13,52,0,1
8,369,348,717,0,28.54,1,58,8,55,0,1
12,493,121,614,5,54.01,1,25,1,40,0,0
8,158,223,381,3,72.16,0,168,13,27,0,0
20,121,133,254,3,59.86,0,93,15,40,0,0
39,675,137,812,8,33.27,0,114,13,45,0,1
23,172,268,440,7,49.04,0,174,13,11,0,1
29,403,117,520,5,55.44,1,169,13,59,0,0
20,215,59,274,8,73.51,1,165,7,75,0,1
1,184,103,287,0,92.06,1,47,1,28,0,0
4,478,371,849,6,64.03,0,151,19,35,0,0
11,641,103,744,1,74.11,0,199,4,8,0,0
10,353,145,498,2,26.18,1,11,16,52,0,0
33,110,251,361,1,96.36,0,174,11,38,0,0
33,195,40,235,5,45.22,1,174,11,77,0,0
34,131,107,238,6,48.34,0,169,1,81,0,1
25,706,69,775,7,37.83,1,85,19,69,0,1
22,255,369,624,4,26.77,1,47,11,18,0,1
26,299,373,672,9,83.2,1,149,16,17,0,1
16,56,302,358,3,39.24,1,128,15,43,0,1
27,356,98,454,1,42.62,1,148,3,55,0,1
31,731,246,977,0,34.54,1,58,19,2,1,1
30,327,264,591,1,97.99,1,43,12,44,0,0
24,520,347,867,4,82.48,1,181,4,7,0,0
3,145,62,207,4,94.39,1,107,12,23,0,0
29,114,294,408,8,88.94,1,171,12,32,0,0
15,585,77,662,1,92.5,0,185,13,3,1,0
30,52,227,279,2,58.32,0,97,7,23,0,1
22,358,351,709,9,33.64,0,59,18,56,0,1
35,253,24,277,0,46.15,1,180,5,89,0,1
14,13,59,72,4,43.4,0,145,10,70,0,0
37,424,325,749,1,77.37,1,136,16,27,0,1
33,771,7,778,5,22.05,1,192,2,84,0,0
13,55,274,329,9,31.36,1,56,8,39,0,1
19,652,200,852,2,74.63,0,78,10,31,0,1
21,431,138,569,3,29.88,1,17,15,76,0,1
30,578,345,923,4,23.86,1,83,15,35,0,1
27,77,339,416,7,28.74,1,94,16,66,0,0
34,695,130,825,9,75.25,1,95,7,14,0,1
15,9,1,10,0,31.15,0,38,10,29,0,0
20,725,51,776,4,31.7,0,163,1,88,0,1
17,526,42,568,7,38.42,1,102,16,21,0,1
36,269,392,661,0,80.07,1,93,6,76,0,0
12,5,238,243,8,36.03,0,174,9,41,0,1
23,488,270,758,2,22.83,0,102,13,86,0,1
5,69,92,161,5,92.47,0,179,15,37,0,0
34,487,340,827,9,90.11,1,52,2,44,0,1
15,618,289,907,6,34.79,0,171,15,35,0,1
14,213,300,513,9,41.23,0,197,8,18,0,1
23,190,187,377,6,35.08,1,152,8,75,0,0
20,177,279,456,2,77.56,0,179,3,51,0,0
34,179,217,396,6,40.0,0,150,14,45,0,1
21,91,153,244,6,94.52,0,124,10,33,0,0
21,199,237,436,3,86.21,0,155,2,69,0,0
5,527,129,656,0,67.07,1,192,3,31,0,0
1,242,381,623,6,20.72,0,124,14,21,0,1
16,624,286,910,5,90.69,0,140,3,7,0,1
39,655,295,950,7,78.22,0,25,10,78,0,0
36,608,286,894,1,83.03,1,192,14,6,1,1
25,431,179,610,5,25.75,0,157,18,76,0,0
25,253,380,633,8,76.68,1,40,4,34,0,1
16,743,83,826,8,84.37,1,65,6,0,1,1
7,164,227,391,9,96.53,0,52,3,83,0,0
1,371,27,398,2,66.44,1,70,17,66,0,0
14,362,117,479,1,60.64,0,178,12,65,0,0
13,596,229,825,5,54.03,1,98,19,49,0,1
8,437,195,632,4,76.1,0,89,1,68,0,0
11,639,376,1015,2,93.67,1,158,14,11,0,0
1,735,245,980,1,67.98,1,80,1,21,0,0
24,312,164,476,1,38.18,0,178,3,48,0,0
37,699,170,869,3,21.41,1,153,9,66,0,1
27,135,244,379,7,69.53,1,58,7,52,0,1
18,732,316,1048,0,89.17,0,129,7,36,0,0
17,142,110,252,1,25.28,1,101,2,60,0,0
12,680,233,913,2,51.81,1,75,11,5,1,1
6,312,229,541,8,95.2,0,182,7,45,0,1
24,771,3,774,9,60.13,0,85,19,35,0,0
23,103,365,468,4,37.65,1,32,16,44,0,0
1,372,227,599,0,48.29,1,87,9,11,0,1
17,721,96,817,0,52.65,1,108,15,81,0,0
11,37,253,290,8,29.38,0,34,11,76,0,0
7,212,271,483,4,72.86,1,151,10,84,0,0
28,66,366,432,0,67.37,0,53,18,75,0,0
21,257,13,270,8,71.82,1,27,12,59,0,0
25,312,165,477,5,68.86,0,112,10,25,0,1
28,495,72,567,3,21.33,0,40,11,10,0,1
39,206,229,435,4,33.96,1,158,15,55,0,0
32,126,200,326,2,33.25,1,22,15,85,0,1
25,135,189,324,9,27.84,1,89,11,32,0,1
35,750,392,1142,7,78.84,0,19,4,89,0,1
19,762,212,974,1,29.61,0,82,13,13,0,1
39,177,164,341,7,73.46,1,187,9,25,0,1
30,156,26,182,1,34.27,0,133,18,58,0,1
26,43,115,158,4,29.46,1,111,18,44,0,1
36,767,358,1125,7,33.0,1,39,1,68,0,1
21,564,180,744,0,60.67,1,69,19,31,0,1
29,608,364,972,7,71.64,0,82,18,69,0,0
12,232,213,445,2,84.95,1,119,18,27,0,0
38,512,219,731,6,30.28,1,49,10,13,0,1
25,47,171,218,4,69.29,1,199,6,51,0,1
31,540,222,762,0,81.91,0,133,12,46,0,1
18,463,26,489,7,44.99,1,69,17,51,0,0
34,265,23,288,2,26.38,0,31,9,2,1,1
3,568,190,758,9,32.48,1,123,19,37,0,0
5,517,239,756,8,27.32,1,95,5,8,0,1
20,351,220,571,1,90.98,1,138,17,72,0,0
29,149,171,320,6,50.14,0,123,2,7,0,1
32,18,117,135,3,61.87,0,131,16,83,0,0
18,750,283,1033,6,81.5,1,168,18,5,1,1
26,225,241,466,5,49.72,1,109,14,54,0,1
22,241,18,259,2,71.93,0,147,12,30,0,0
38,544,180,724,6,26.13,1,78,8,9,0,1
26,204,284,488,2,58.47,0,189,17,32,0,0
17,300,313,613,9,27.72,0,87,3,3,1,1
38,568,114,682,9,39.86,1,139,6,62,0,1
5,476,369,845,1,43.47,1,199,3,78,0,0
39,525,260,785,7,77.41,0,76,6,29,0,1
7,3,175,178,9,73.93,1,29,10,39,0,0
12,361,250,611,1,79.77,1,54,7,12,0,0
33,380,348,728,7,24.94,0,56,8,43,0,0
29,505,90,595,9,99.51,1,20,5,85,0,0
38,121,60,181,2,24.35,1,113,7,48,0,1
30,127,176,303,5,86.06,1,62,10,78,0,0
25,609,33,642,7,79.22,1,28,5,70,0,0
14,538,334,872,3,67.34,0,36,18,11,0,0
1,648,388,1036,2,55.11,0,61,18,4,1,1
5,216,242,458,3,80.57,0,80,17,32,0,0
12,798,391,1189,3,79.19,1,195,1,84,0,0
2,218,27,245,7,30.97,0,143,10,15,0,1
20,520,253,773,3,83.41,0,145,16,4,1,1
31,129,177,306,3,26.28,1,141,7,86,0,0
38,734,110,844,9,60.04,0,162,5,17,0,1
20,265,124,389,5,71.61,0,70,12,32,0,0
35,641,218,859,9,85.74,0,28,1,70,0,1
39,265,256,521,7,57.05,0,106,12,8,0,1
34,632,65,697,8,38.95,1,10,9,15,0,1
19,363,245,608,1,59.25,1,51,13,65,0,1
13,49,370,419,9,40.02,0,153,13,0,1,1
39,152,4,156,9,62.3,0,105,11,64,0,1
10,546,351,897,0,57.0,1,141,12,48,0,0
17,154,243,397,3,82.44,1,106,1,21,0,0
3,220,136,356,4,39.21,1,113,19,55,0,1
31,433,293,726,4,36.0,0,67,2,28,0,0
26,202,247,449,7,57.93,1,51,19,85,0,0
4,103,307,410,6,24.04,1,59,19,37,0,1
9,499,32,531,2,38.35,1,161,14,67,0,0
22,551,23,574,6,48.3,1,196,15,24,0,0
22,586,256,842,9,59.01,0,25,1,75,0,1
32,755,121,876,4,41.55,0,112,19,25,0,1
11,99,95,194,9,64.85,1,99,11,45,0,1
37,341,168,509,6,90.27,1,116,7,72,0,1
18,187,290,477,9,63.5,1,54,13,83,0,1
33,720,71,791,9,42.95,1,11,11,67,0,1
10,431,389,820,0,24.96,0,48,7,60,0,0
2,78,168,246,8,30.93,0,44,7,62,0,1
3,553,60,613,1,64.9,0,19,3,36,0,0
15,34,28,62,8,74.7,1,77,18,61,0,0
38,219,342,561,8,23.97,1,139,13,51,0,1
2,577,45,622,2,34.84,1,193,6,46,0,1
15,404,167,571,0,45.53,1,134,14,28,0,1
5,608,267,875,4,45.58,1,43,14,31,0,1
37,456,205,661,3,96.67,0,78,3,11,0,1
27,674,105,779,5,36.3,1,67,4,64,0,1
30,450,43,493,0,25.0,0,50,5,1,1,1
28,45,284,329,0,48.24,0,198,2,10,0,0
26,57,196,253,4,30.76,0,134,16,26,0,1
31,621,19,640,7,30.13,0,101,3,12,0,1
1,30,72,102,3,52.6,0,92,16,67,0,0
34,301,225,526,3,44.51,0,70,11,11,0,0
29,12,67,79,1,27.34,0,89,3,41,0,0
29,242,156,398,2,68.34,0,130,17,65,0,0
16,476,49,525,2,60.14,0,186,4,53,0,0
32,138,318,456,2,26.17,0,104,19,53,0,1
15,372,252,624,3,89.02,0,45,1,30,0,0
2,796,313,1109,2,42.78,0,191,12,40,0,1
36,56,20,76,6,96.91,0,69,6,69,0,0
10,50,150,200,3,94.52,0,25,11,42,0,0
4,216,107,323,7,54.73,0,113,16,62,0,0
25,661,249,910,6,38.29,1,160,15,74,0,0
10,324,328,652,6,86.79,0,58,6,22,0,0
34,511,91,602,5,48.9,0,63,2,10,0,1
18,27,307,334,9,33.08,1,64,6,41,0,1
1,588,232,820,2,64.13,1,163,16,34,0,0
38,53,329,382,9,59.15,0,191,10,13,0,1
21,569,32,601,2,88.0,1,171,15,68,0,0
11,118,396,514,1,78.34,0,52,10,56,0,0
27,686,173,859,8,90.09,1,171,11,59,0,1
21,236,112,348,8,78.78,1,68,2,63,0,1
2,147,73,220,0,71.37,0,174,1,39,0,0
30,269,393,662,5,60.01,1,198,14,45,0,1
16,0,353,353,5,99.0,1,146,4,20,0,0
28,132,52,184,2,96.73,0,191,7,65,0,0
35,478,177,655,5,87.91,1,37,8,85,0,0
24,240,293,533,6,82.03,1,134,13,78,0,1
27,283,236,519,5,66.2,1,19,18,36,0,1
10,645,75,720,5,40.78,1,133,15,4,1,1
10,99,144,243,8,90.04,0,74,13,79,0,0
17,316,147,463,2,20.87,1,194,16,51,0,1
34,148,115,263,6,38.2,0,104,10,70,0,1
21,386,384,770,3,52.3,0,154,3,27,0,1
14,265,81,346,9,66.89,1,67,10,77,0,0
31,36,282,318,2,64.87,1,24,19,75,0,0
34,56,364,420,8,34.07,0,151,15,1,1,1
36,681,317,998,6,28.38,0,52,7,50,0,1
12,45,319,364,2,37.79,1,147,7,42,0,0
28,626,63,689,7,47.9,1,98,18,59,0,1
24,732,53,785,2,21.12,1,194,2,23,0,1
18,372,313,685,2,75.4,1,76,18,8,0,1
16,249,298,547,3,39.82,1,86,13,24,0,0
5,621,296,917,6,48.11,0,150,16,47,0,1
11,785,167,952,3,46.79,1,159,7,24,0,1
22,96,209,305,5,60.95,0,33,13,41,0,1
35,771,6,777,5,88.78,1,150,7,35,0,1
34,754,116,870,1,31.95,0,103,1,62,0,0
8,114,211,325,2,47.26,1,197,9,36,0,0
27,43,50,93,3,75.36,0,129,19,13,0,0
4,571,52,623,2,23.54,1,156,5,57,0,0
27,62,18,80,9,86.4,0,75,4,19,0,1
14,480,83,563,3,96.95,0,63,18,27,0,0
18,51,397,448,4,68.61,0,159,18,63,0,0
28,552,278,830,6,96.52,1,12,17,24,0,0
17,185,379,564,7,53.04,0,120,19,5,1,1
32,76,102,178,6,53.2,1,193,19,32,0,1
21,53,239,292,5,28.5,1,198,18,34,0,0
39,150,356,506,9,22.84,1,146,19,61,0,0
25,432,140,572,8,39.56,0,104,15,63,0,1
12,61,262,323,2,58.25,0,164,6,0,1,0
31,641,277,918,1,60.61,1,12,9,68,0,0
16,483,332,815,3,37.41,0,160,8,67,0,1
21,237,387,624,8,69.02,0,46,10,15,0,1
6,789,246,1035,9,34.5,1,149,14,30,0,1
5,526,233,759,7,46.1,1,76,5,69,0,0
23,537,347,884,6,35.66,0,152,1,51,0,1
8,139,273,412,2,75.73,1,124,12,30,0,0
39,568,144,712,5,61.33,1,186,19,68,0,1
34,447,252,699,1,78.89,0,159,17,56,0,1
28,787,219,1006,5,24.58,1,183,1,45,0,1
29,382,91,473,1,54.03,0,38,12,0,1,1
24,542,206,748,0,97.36,0,82,11,58,0,0
3,272,249,521,9,24.29,0,93,9,16,0,1
16,32,361,393,8,53.47,0,15,13,82,0,1
20,102,232,334,6,23.23,1,14,9,17,0,1
36,693,65,758,6,31.73,1,17,18,2,1,1
9,590,395,985,2,57.0,0,155,18,33,0,0
20,291,231,522,5,32.6,0,94,13,31,0,1
14,558,114,672,7,61.5,0,152,9,31,0,0
6,3,301,304,5,93.82,1,168,12,83,0,0
5,29,153,182,2,36.03,1,16,18,24,0,0
15,405,148,553,3,28.57,1,171,6,75,0,0
4,499,335,834,8,86.02,0,52,17,14,0,0
3,749,347,1096,2,56.82,1,86,12,55,0,1
14,607,209,816,9,90.61,0,192,2,11,0,1
8,205,149,354,7,44.49,0,67,15,20,0,1
22,652,345,997,8,70.2,1,188,4,13,0,1
1,393,69,462,5,93.87,0,106,10,29,0,0
12,660,298,958,2,33.74,0,12,19,41,0,1
18,139,233,372,0,84.06,1,168,15,77,0,0
38,20,341,361,5,70.52,0,18,14,68,0,0
25,46,168,214,3,85.04,0,130,2,62,0,0
35,792,332,1124,1,33.66,1,97,17,44,0,0
14,64,6,70,9,54.73,0,36,7,25,0,0
18,751,303,1054,9,30.31,1,107,1,26,0,1
17,581,27,608,3,96.81,1,78,19,11,0,1
35,116,256,372,6,25.02,1,28,4,59,0,0
38,691,78,769,4,25.24,0,115,7,70,0,1
38,115,385,500,4,91.85,1,18,3,49,0,0
30,114,307,421,6,44.06,0,112,12,51,0,1
20,460,41,501,4,67.76,0,52,17,33,0,1
22,230,356,586,8,43.0,1,167,10,86,0,1
39,232,100,332,1,71.9,1,190,17,79,0,0
12,156,218,374,6,35.4,0,187,18,36,0,0
14,486,34,520,9,56.71,1,188,17,67,0,0
35,21,42,63,8,62.68,0,29,4,31,0,0
16,196,96,292,0,46.69,1,106,4,11,0,1
10,442,213,655,1,40.14,0,52,6,26,0,0
22,389,217,606,6,31.22,0,28,13,75,0,1
13,559,342,901,9,76.49,1,84,17,43,0,0
35,172,66,238,8,33.46,1,91,6,77,0,0
36,518,299,817,9,43.37,1,66,13,29,0,1
12,607,2,609,1,46.95,1,31,4,41,0,0
21,310,116,426,5,56.35,1,87,11,6,1,1
39,205,70,275,7,76.21,1,39,15,70,0,0
29,444,49,493,6,54.24,1,17,8,28,0,1
9,463,233,696,7,89.69,1,95,4,8,0,0
24,75,360,435,2,74.38,0,22,8,19,0,0
25,452,266,718,4,87.08,0,193,15,59,0,1
26,123,341,464,4,77.31,1,169,18,73,0,0
1,455,236,691,9,31.89,0,185,12,85,0,1
12,745,21,766,2,98.23,0,29,13,21,0,1
34,429,138,567,3,82.93,0,98,8,53,0,0
10,609,329,938,0,65.82,1,166,18,41,0,1
12,247,17,264,1,33.22,0,119,17,64,0,0
13,738,38,776,9,33.81,1,68,19,60,0,1
7,650,333,983,8,69.15,1,167,17,6,1,1
7,733,25,758,2,53.3,0,68,11,13,0,0
14,593,383,976,7,74.07,0,195,19,53,0,1
35,519,303,822,5,49.79,1,29,12,47,0,1
1,420,266,686,9,61.03,1,144,12,79,0,0
12,742,214,956,3,35.04,1,12,13,76,0,1
3,678,35,713,9,32.42,1,183,4,5,1,1
22,333,165,498,3,26.05,0,77,16,52,0,0
10,68,323,391,7,85.57,0,13,7,36,0,0
31,2,361,363,3,64.43,1,168,13,43,0,1
23,186,178,364,6,95.77,0,193,17,5,1,1
31,50,335,385,3,79.96,1,184,3,75,0,0
25,169,310,479,8,81.5,1,102,6,14,0,1
18,87,23,110,6,60.72,0,21,18,85,0,0
34,784,248,1032,2,85.24,0,53,7,83,0,1
19,76,246,322,9,95.37,0,15,13,73,0,0
38,501,217,718,7,77.74,1,18,11,10,0,1
39,281,308,589,4,28.45,1,40,17,36,0,1
23,139,355,494,1,72.08,0,117,10,2,1,0
27,561,220,781,9,29.63,0,155,9,55,0,1
10,776,128,904,7,26.18,1,121,1,77,0,1
32,632,393,1025,6,75.43,0,48,10,47,0,0
27,780,385,1165,8,86.78,1,124,12,2,1,1
36,472,274,746,6,32.71,1,53,14,27,0,1
11,538,256,794,2,25.93,1,97,15,15,0,1
31,117,41,158,2,90.92,1,178,15,39,0,0
19,681,160,841,0,30.58,1,35,9,33,0,0
8,598,79,677,0,22.81,0,176,2,74,0,1
7,203,205,408,7,77.68,0,61,5,19,0,0
22,283,330,613,8,87.82,0,137,8,27,0,1
13,488,89,577,1,61.16,0,59,19,21,0,1
4,10,398,408,5,63.19,1,41,15,80,0,0
17,654,51,705,1,46.95,0,95,17,26,0,0
26,224,39,263,4,39.08,0,82,19,89,0,1
13,59,389,448,7,80.42,1,106,3,59,0,1
38,264,40,304,8,87.94,1,54,1,27,0,0
31,668,294,962,9,45.7,0,195,11,53,0,1
20,219,305,524,3,41.91,1,137,6,11,0,1
37,431,132,563,9,41.42,0,169,17,81,0,1
17,649,25,674,7,24.05,0,158,9,86,0,1
6,26,123,149,3,42.49,0,147,1,26,0,0
2,607,27,634,3,22.05,1,37,5,15,0,1
37,230,268,498,1,83.07,1,121,7,38,0,0
38,556,355,911,9,40.47,1,180,1,69,0,1
29,150,398,548,2,75.21,0,28,7,56,0,1
5,111,320,431,2,63.46,1,97,11,3,1,1
12,630,309,939,4,87.0,0,45,17,0,1,1
2,646,352,998,1,96.83,0,161,13,21,0,1
2,785,307,1092,8,49.38,1,186,2,67,0,1
10,541,260,801,6,27.07,0,19,8,23,0,0
23,372,398,770,1,79.97,1,162,15,80,0,1
3,155,129,284,1,21.7,1,78,8,26,0,0
39,236,165,401,0,37.84,0,193,11,80,0,0
18,518,362,880,9,24.26,1,12,19,82,0,1
11,276,124,400,4,91.85,0,46,3,65,0,0
21,386,119,505,6,20.42,1,146,10,15,0,1
31,134,60,194,1,59.42,0,157,12,6,1,1
13,351,110,461,2,53.92,0,25,16,15,0,0
2,190,237,427,5,72.22,0,40,16,56,0,1
2,89,354,443,2,43.18,1,74,6,62,0,0
34,105,54,159,6,89.9,0,16,9,88,0,0
5,414,272,686,9,78.75,0,158,16,85,0,0
25,293,306,599,3,54.58,1,137,16,27,0,1
15,79,358,437,6,48.64,1,152,16,35,0,0
31,411,300,711,9,85.27,1,99,13,69,0,0
3,131,62,193,8,80.56,1,131,6,69,0,1
36,12,195,207,0,51.92,1,118,7,28,0,0
28,106,380,486,1,47.31,1,141,13,2,1,1
18,358,363,721,9,23.11,1,95,5,8,0,0
9,763,245,1008,9,26.54,0,133,13,74,0,1
39,193,385,578,3,24.31,1,132,10,31,0,1
12,227,267,494,5,21.95,1,131,9,65,0,1
20,194,25,219,5,32.23,1,175,7,72,0,0
16,284,365,649,6,88.57,0,76,15,80,0,1
9,573,67,640,7,83.85,0,176,9,44,0,0
17,257,152,409,3,87.65,0,15,6,57,0,0
6,526,95,621,8,69.9,1,102,8,17,0,1
1,718,287,1005,0,69.93,1,93,10,84,0,0
12,756,11,767,0,29.91,1,174,12,79,0,1
5,450,256,706,9,75.92,1,18,19,35,0,1
17,570,345,915,1,42.4,1,51,7,33,0,1
34,735,315,1050,9,61.54,1,99,4,65,0,1
7,629,122,751,2,96.38,1,164,19,37,0,0
1,239,358,597,3,89.65,1,98,3,65,0,0
5,105,144,249,0,38.66,1,131,18,8,0,1
20,91,272,363,9,78.93,0,43,3,24,0,0
11,705,202,907,3,28.33,1,189,7,70,0,1
20,444,27,471,1,22.14,0,159,19,82,0,0
2,237,1,238,4,22.25,0,18,4,2,1,1
13,276,73,349,1,33.62,1,143,4,70,0,0
16,225,373,598,7,75.6,0,34,12,6,1,1
17,641,381,1022,0,49.06,1,116,4,77,0,1
22,489,164,653,4,21.28,0,144,1,22,0,0
31,703,387,1090,3,99.04,1,185,14,32,0,1
19,241,19,260,0,62.67,0,23,19,64,0,0
33,378,386,764,0,51.51,0,64,15,75,0,0
21,97,92,189,5,61.51,0,141,19,37,0,0
11,777,14,791,3,61.6,0,59,11,28,0,1
9,409,303,712,1,57.62,0,145,12,88,0,0
13,442,152,594,1,69.04,1,44,19,86,0,0
24,330,116,446,8,90.85,0,41,10,47,0,1
10,216,303,519,7,44.14,0,113,1,2,1,0
36,758,133,891,6,58.96,0,140,5,87,0,1
19,391,301,692,8,20.29,1,49,12,55,0,1
34,539,78,617,0,88.79,1,176,17,49,0,0
27,29,34,63,6,44.47,0,175,12,10,0,1
14,220,129,349,7,41.7,1,25,8,89,0,1
9,643,243,886,2,99.8,0,67,7,64,0,0
30,70,89,159,5,66.75,1,115,13,19,0,1
13,81,57,138,7,29.84,0,103,18,32,0,0
10,647,299,946,6,41.24,1,58,6,30,0,1
37,246,197,443,2,48.26,0,110,11,78,0,1
19,219,172,391,6,98.88,0,192,9,42,0,0
2,452,95,547,7,54.45,1,68,5,78,0,0
20,155,7,162,0,38.41,1,51,8,61,0,0
18,34,21,55,5,65.58,0,150,2,33,0,1
34,3,272,275,5,52.38,0,118,11,36,0,1
28,63,32,95,3,24.4,0,141,3,72,0,1
8,126,98,224,0,88.87,0,132,10,44,0,0
6,556,364,920,0,21.26,1,154,18,61,0,1
24,238,137,375,7,91.88,1,148,3,11,0,1
2,57,297,354,8,83.35,0,125,5,38,0,1
13,11,137,148,4,26.07,0,96,14,51,0,1
6,381,372,753,9,77.89,1,97,18,30,0,0
1,672,328,1000,9,81.68,1,60,19,76,0,0
36,270,187,457,6,68.18,0,95,3,18,0,0
4,51,273,324,5,66.21,1,124,5,76,0,0
1,182,165,347,9,23.97,0,146,19,5,1,1
37,399,377,776,6,24.76,0,156,10,38,0,1
8,151,143,294,9,78.18,0,81,16,46,0,0
32,782,334,1116,9,28.45,0,149,1,22,0,1
2,610,246,856,1,39.35,1,93,3,48,0,1
6,275,257,532,6,59.91,1,78,4,81,0,0
5,761,140,901,7,33.13,0,41,2,39,0,1
28,260,333,593,8,83.19,0,60,17,48,0,0
25,112,298,410,3,84.59,1,139,16,85,0,0
19,750,326,1076,8,87.37,1,51,8,83,0,0
10,767,320,1087,4,23.97,1,24,2,1,1,1
4,250,63,313,3,54.23,1,61,3,65,0,0
23,475,350,825,1,87.75,0,198,5,76,0,1
9,138,336,474,3,49.06,1,38,14,84,0,0
24,513,97,610,9,75.67,1,37,16,72,0,0
27,552,392,944,7,67.14,1,86,11,7,0,1
34,567,210,777,7,47.78,0,82,18,68,0,1
20,454,128,582,8,42.11,0,184,18,76,0,1
1,563,89,652,2,72.22,0,55,15,47,0,0
11,444,145,589,6,30.69,0,89,2,1,1,1
34,655,15,670,3,88.81,1,65,17,17,0,0
21,143,276,419,8,66.12,0,57,18,24,0,0
25,386,283,669,4,28.92,0,71,11,77,0,1
18,333,267,600,8,76.28,0,58,12,11,0,0
7,426,219,645,7,54.49,1,146,15,67,0,0
35,113,145,258,7,36.33,0,160,12,16,0,1
31,259,289,548,9,96.89,1,43,7,74,0,0
39,763,348,1111,7,77.57,0,104,14,1,1,1
34,84,35,119,3,67.44,0,60,15,21,0,1
12,508,153,661,5,87.91,1,174,3,9,0,0
10,531,398,929,4,63.51,0,29,13,49,0,1
10,379,344,723,0,55.32,0,87,4,70,0,1
36,26,397,423,5,35.16,1,72,11,37,0,1
22,27,73,100,4,32.27,0,79,3,48,0,0
18,220,185,405,3,54.56,0,188,19,57,0,1
38,82,52,134,1,56.48,1,112,13,40,0,0
24,75,346,421,5,78.67,0,82,9,67,0,1
36,128,207,335,5,55.37,0,163,10,25,0,1
39,152,97,249,1,67.45,0,157,12,15,0,1
4,670,36,706,6,86.6,1,37,3,16,0,0
15,510,295,805,1,99.47,0,97,10,15,0,0
29,24,324,348,1,45.8,0,88,14,3,1,0
32,502,351,853,4,92.16,1,95,5,3,1,0
6,109,388,497,3,84.48,0,76,10,4,1,1
13,336,325,661,9,25.44,0,166,7,14,0,1
22,30,314,344,0,46.73,1,199,4,57,0,0
32,72,324,396,3,37.52,0,15,19,21,0,1
5,106,399,505,7,73.15,0,172,12,52,0,0
24,346,185,531,2,64.42,1,174,8,6,1,1
12,370,303,673,9,59.59,0,79,7,72,0,0
9,282,327,609,7,81.09,1,102,13,32,0,1
21,496,46,542,9,46.66,0,29,3,39,0,1
17,576,276,852,9,50.62,1,76,11,60,0,0
25,582,135,717,1,89.25,1,55,5,89,0,0
13,463,52,515,4,97.78,1,182,17,71,0,1
33,436,68,504,7,82.11,0,30,15,36,0,1
4,393,45,438,0,37.37,0,74,15,31,0,0
34,190,359,549,4,29.01,1,101,3,30,0,1
2,389,308,697,6,36.74,0,195,2,7,0,0
29,8,40,48,7,53.82,1,165,9,30,0,0
14,773,250,1023,4,38.94,1,187,7,68,0,0
15,296,264,560,8,92.08,0,68,14,24,0,0
1,605,207,812,6,73.66,0,60,14,35,0,1
28,765,242,1007,0,53.34,0,118,8,6,1,0
7,397,362,759,2,41.9,1,74,4,22,0,1
26,689,207,896,9,50.45,0,13,7,6,1,1
29,383,263,646,0,58.08,0,164,10,42,0,0
33,105,228,333,1,77.11,0,28,5,26,0,0
28,21,158,179,3,27.15,1,47,7,87,0,1
12,108,356,464,9,87.91,1,189,5,53,0,0
29,754,165,919,7,30.2,1,149,2,33,0,1
33,380,319,699,1,41.0,1,132,12,48,0,1
13,255,242,497,3,99.49,1,34,19,86,0,0
5,356,273,629,9,35.22,0,57,19,16,0,1
35,204,304,508,2,28.09,0,49,18,22,0,1
6,696,294,990,5,71.07,1,131,13,49,0,1
24,799,225,1024,4,51.45,1,105,15,9,0,1
10,67,246,313,7,27.35,1,78,2,46,0,1
5,574,203,777,7,20.3,1,151,4,14,0,1
31,268,135,403,8,26.33,1,157,14,77,0,1
6,37,290,327,1,61.82,1,150,19,69,0,1
27,737,351,1088,4,38.47,1,30,18,4,1,1
28,49,282,331,6,82.2,1,125,12,48,0,1
3,164,308,472,4,88.6,0,49,3,18,0,0
7,20,332,352,6,31.59,0,61,19,52,0,0
31,377,146,523,6,46.96,0,195,7,49,0,1
20,479,25,504,3,31.73,0,88,1,87,0,1
5,256,135,391,1,42.94,0,159,15,15,0,1
39,57,301,358,9,39.14,0,56,4,45,0,1
11,92,326,418,8,82.95,1,194,6,86,0,1
1,746,205,951,8,47.64,1,62,13,10,0,1
37,644,311,955,2,59.65,0,44,19,22,0,1
1,749,29,778,3,73.91,1,71,18,64,0,1
22,424,257,681,3,85.78,1,42,4,9,0,1
39,436,271,707,0,44.1,0,123,4,18,0,0
23,628,203,831,1,36.74,1,37,16,86,0,1
23,493,286,779,3,98.28,1,49,7,52,0,0
16,349,196,545,9,45.61,1,143,2,5,1,1
5,233,209,442,2,73.69,0,18,12,76,0,0
23,388,241,629,5,74.23,0,93,13,47,0,0
35,51,317,368,5,61.12,1,141,19,42,0,1
4,153,99,252,3,38.28,0,94,10,89,0,0
35,589,120,709,9,31.32,0,14,16,28,0,1
17,694,167,861,0,58.96,0,40,11,34,0,0
21,81,80,161,8,60.87,0,194,18,51,0,1
7,77,133,210,7,81.87,1,156,10,21,0,0
25,68,140,208,3,76.79,0,76,13,11,0,1
8,633,125,758,7,92.96,1,176,19,12,0,0
11,248,164,412,4,97.67,1,11,17,27,0,0
29,261,201,462,9,78.23,0,18,8,7,0,1
2,9,278,287,0,26.12,1,178,10,45,0,0
18,778,121,899,0,52.41,1,138,12,89,0,0
24,347,338,685,5,68.7,0,123,3,22,0,1
6,637,191,828,9,67.22,0,75,5,3,1,0
12,566,288,854,0,34.52,1,165,14,3,1,1
14,113,45,158,7,66.64,0,125,2,14,0,0
26,641,69,710,9,47.97,1,92,12,52,0,1
39,440,181,621,4,47.11,1,82,10,42,0,0
33,483,146,629,8,86.72,0,77,10,36,0,1
8,160,198,358,7,53.75,0,119,17,67,0,0
1,677,63,740,2,62.19,1,134,6,35,0,0
3,745,189,934,8,65.03,1,162,16,55,0,1
24,325,274,599,6,65.04,0,87,15,89,0,0
7,73,291,364,0,37.05,1,58,19,15,0,1
10,679,99,778,5,67.96,1,115,16,10,0,1
34,709,137,846,6,46.77,0,120,10,19,0,1
35,405,210,615,8,72.4,1,62,7,13,0,1
33,463,207,670,7,31.66,1,23,15,74,0,0
10,178,316,494,4,99.53,0,73,18,78,0,0
25,53,156,209,2,81.76,1,23,6,50,0,0
24,755,268,1023,1,53.38,1,25,8,11,0,1
8,386,353,739,0,44.11,0,193,10,76,0,0
22,219,119,338,6,51.02,0,158,3,82,0,0
21,554,329,883,9,77.7,1,16,6,36,0,1
16,20,133,153,0,72.43,1,76,4,60,0,0
30,63,133,196,7,76.17,1,58,15,54,0,0
27,194,261,455,5,91.12,1,195,10,47,0,0
21,360,248,608,1,56.5,0,93,12,31,0,0
29,293,219,512,2,73.56,0,59,2,25,0,0
30,149,92,241,2,55.32,1,130,11,24,0,1
23,281,38,319,6,71.05,1,100,14,32,0,1
11,267,363,630,2,57.99,0,45,14,68,0,0
30,419,349,768,8,82.13,0,68,16,74,0,1
28,450,354,804,3,20.42,0,34,3,10,0,1
39,706,205,911,1,37.26,1,141,11,5,1,1
6,645,353,998,0,43.72,1,194,10,43,0,1
17,233,189,422,4,95.63,1,163,17,69,0,0
37,722,30,752,4,60.56,0,81,14,50,0,0
21,416,79,495,7,49.15,1,102,19,74,0,1
37,150,109,259,4,52.34,1,21,1,64,0,0
1,272,150,422,1,56.15,1,79,9,63,0,0
2,593,375,968,2,89.43,1,16,14,48,0,0
32,657,133,790,5,96.99,1,151,2,4,1,0
14,299,245,544,3,87.53,0,182,13,16,0,0
21,126,108,234,6,87.33,0,46,5,66,0,0
17,153,257,410,9,35.92,0,138,2,27,0,1
16,82,226,308,3,41.49,0,123,13,65,0,0
37,558,60,618,5,67.68,1,89,9,30,0,1
4,402,184,586,8,72.49,1,149,8,1,1,1
31,360,42,402,2,36.22,0,139,7,60,0,1
35,537,355,892,5,79.7,0,61,14,80,0,0
26,662,281,943,3,36.0,1,161,12,40,0,1
16,636,376,1012,6,41.04,0,134,13,11,0,1
7,109,350,459,7,44.54,0,69,15,37,0,1
27,471,87,558,1,87.68,0,149,12,86,0,0
19,706,282,988,1,78.57,0,131,2,28,0,1
6,619,40,659,0,62.45,1,32,3,6,1,0
15,263,384,647,0,85.58,0,41,19,69,0,0
38,314,314,628,0,85.03,1,71,6,21,0,1
11,712,272,984,7,51.19,1,18,9,3,1,1
7,26,397,423,9,82.51,0,87,8,62,0,0
27,420,338,758,4,36.5,1,97,19,30,0,1
8,92,345,437,8,60.26,0,157,16,12,0,1
36,715,40,755,7,29.46,0,42,10,4,1,1
34,30,9,39,8,54.14,1,117,13,16,0,0
39,18,384,402,7,61.63,1,136,11,13,0,1
36,263,100,363,1,26.39,0,95,13,1,1,1
10,160,170,330,5,57.01,1,182,19,33,0,1
9,396,17,413,5,72.13,1,70,13,74,0,0
14,239,249,488,6,69.13,0,87,3,35,0,0
19,285,328,613,7,24.35,1,10,10,3,1,1
35,451,336,787,1,27.63,1,88,16,79,0,0
29,448,232,680,6,48.11,1,13,1,56,0,1
26,747,264,1011,8,87.41,0,196,7,86,0,1
35,384,205,589,1,89.58,0,55,4,52,0,0
26,451,178,629,4,44.77,0,164,14,42,0,0
15,542,221,763,8,77.51,1,32,3,46,0,0
17,139,374,513,0,66.19,0,62,12,0,1,1
21,533,100,633,1,98.67,1,32,2,33,0,1
4,689,188,877,8,27.57,0,80,18,39,0,1
29,254,240,494,1,63.83,0,124,7,26,0,0
26,142,228,370,7,67.4,0,89,8,75,0,1
29,276,12,288,9,44.61,1,125,15,86,0,1
21,220,114,334,4,23.76,0,163,8,43,0,1
31,468,258,726,4,24.17,0,18,3,70,0,1
38,690,277,967,4,56.29,1,90,18,20,0,1
23,477,293,770,3,75.4,1,122,3,83,0,0
18,100,396,496,3,76.01,1,109,10,63,0,0
5,251,269,520,5,34.48,1,37,3,66,0,1
31,551,231,782,8,88.64,0,49,14,53,0,1
36,264,132,396,9,50.17,0,81,6,74,0,0
28,469,148,617,8,97.15,0,133,18,48,0,1
34,555,330,885,1,29.45,0,198,4,86,0,1
34,263,187,450,3,86.92,1,80,13,59,0,0
32,517,286,803,7,92.67,0,109,1,40,0,0
20,318,49,367,5,85.81,1,68,3,18,0,0
4,108,51,159,3,84.71,0,16,6,81,0,0
1,297,86,383,3,48.9,0,85,17,5,1,1
8,352,78,430,1,77.07,1,76,19,3,1,0
17,1,242,243,3,66.35,0,38,12,2,1,0
30,714,254,968,4,53.96,0,137,7,9,0,1
18,422,223,645,4,99.45,0,59,6,22,0,1
1,29,115,144,5,43.24,1,52,5,44,0,0
9,694,230,924,2,53.05,1,83,7,24,0,1
39,684,47,731,2,92.23,0,193,10,40,0,0
39,9,189,198,8,43.12,1,130,14,40,0,1
15,130,61,191,4,32.21,1,90,5,39,0,1
32,291,30,321,2,44.8,1,165,1,5,1,1
29,405,66,471,6,80.74,1,14,11,48,0,0
37,580,44,624,5,88.79,1,73,5,26,0,0
35,339,191,530,5,29.16,1,112,8,48,0,0
25,489,218,707,2,69.74,0,102,14,5,1,0
16,8,242,250,7,65.38,1,138,18,78,0,1
25,526,175,701,1,73.5,1,143,11,65,0,1
13,732,70,802,8,73.68,1,96,18,31,0,1
14,420,8,428,4,96.76,1,186,6,32,0,0
24,363,284,647,4,47.72,1,186,14,28,0,1
23,237,393,630,3,43.98,1,100,19,89,0,1
23,763,112,875,4,66.5,1,181,5,63,0,1
16,26,81,107,6,54.35,0,131,15,41,0,1
16,229,124,353,4,57.9,0,36,10,58,0,0
1,110,85,195,1,25.54,1,32,17,5,1,0
24,693,89,782,5,31.86,0,25,6,74,0,1
23,386,197,583,2,94.83,1,50,19,53,0,0
37,737,314,1051,1,25.46,0,69,16,27,0,1
20,532,284,816,8,67.21,0,23,14,62,0,1
19,445,383,828,3,80.37,1,125,1,0,1,1
3,413,142,555,5,20.95,1,88,2,44,0,1
8,162,196,358,1,37.82,1,124,13,84,0,0
14,449,152,601,3,50.17,0,105,10,68,0,0
15,548,16,564,3,60.55,1,61,7,3,1,0
15,772,155,927,1,47.33,0,126,16,53,0,0
16,439,104,543,9,71.92,1,190,10,61,0,1
30,751,191,942,3,38.11,0,70,9,47,0,1
6,755,63,818,5,22.04,0,68,7,28,0,1
13,418,296,714,5,20.13,1,108,19,61,0,1
7,351,337,688,4,47.64,1,162,7,38,0,1
13,114,384,498,5,48.93,1,110,5,85,0,1
27,214,33,247,5,95.89,0,168,13,75,0,0
2,703,47,750,0,23.58,1,24,1,81,0,0
14,110,386,496,6,62.41,0,28,12,37,0,0
1,317,339,656,1,66.23,1,87,11,60,0,0
38,558,235,793,4,75.94,1,54,5,12,0,1
29,192,128,320,3,71.1,1,14,15,67,0,0
10,779,207,986,4,20.65,0,50,1,67,0,1
8,519,214,733,0,70.55,1,61,19,69,0,0
4,22,338,360,7,45.79,1,184,17,1,1,0
19,197,211,408,4,81.83,0,158,4,41,0,0
30,592,11,603,0,35.07,1,76,10,24,0,1
23,690,279,969,0,77.3,0,192,4,82,0,0
35,741,310,1051,5,70.04,1,168,12,48,0,1
14,680,119,799,6,72.18,0,57,7,55,0,0
11,59,46,105,5,34.08,0,100,10,39,0,1
19,583,56,639,7,73.53,0,185,19,10,0,1
8,88,336,424,7,78.96,0,96,12,55,0,1
39,61,179,240,8,59.15,0,80,17,54,0,1
8,553,211,764,9,47.23,0,181,12,34,0,1
19,382,384,766,8,33.32,0,135,10,56,0,1
21,518,24,542,7,43.2,0,93,1,35,0,1
3,681,82,763,4,81.11,0,175,2,59,0,0
19,55,333,388,5,52.75,0,151,11,31,0,0
18,422,216,638,6,76.22,1,76,10,69,0,0
11,667,10,677,1,79.21,0,90,10,79,0,0
5,352,281,633,6,73.93,1,19,17,43,0,0
2,418,55,473,5,73.88,1,29,2,1,1,0
1,398,312,710,5,68.86,0,191,13,61,0,0
19,725,319,1044,8,61.47,1,20,15,84,0,1
4,39,329,368,6,35.83,1,168,13,63,0,1
38,702,185,887,9,87.42,1,49,5,32,0,1
10,653,107,760,9,97.14,0,112,8,50,0,0
26,650,352,1002,8,57.32,0,147,2,32,0,1
27,329,223,552,2,94.66,1,198,4,69,0,0
20,412,254,666,1,99.84,1,80,16,65,0,1
35,295,54,349,2,58.9,0,185,12,56,0,0
5,201,249,450,7,77.95,0,96,17,34,0,0
10,700,232,932,8,71.5,0,174,14,15,0,1
10,404,116,520,8,38.98,0,29,5,55,0,0
6,578,306,884,6,23.77,0,60,16,30,0,1
12,80,53,133,6,56.27,0,128,14,81,0,0
13,631,287,918,9,82.98,1,144,4,5,1,0
30,527,384,911,6,46.01,1,162,1,76,0,1
12,798,226,1024,1,82.76,1,78,15,70,0,0
35,107,41,148,5,72.38,1,128,14,46,0,0
31,432,221,653,3,75.64,1,127,2,89,0,1
36,408,211,619,6,42.86,0,197,9,64,0,0
5,430,220,650,6,57.6,1,32,18,3,1,1
39,43,109,152,2,34.54,1,13,16,35,0,0
24,378,250,628,2,39.73,0,119,16,75,0,1
39,239,105,344,0,27.19,1,12,8,69,0,0
14,493,223,716,2,30.14,0,47,3,14,0,1
38,185,237,422,8,36.84,0,105,7,15,0,1
23,348,258,606,6,66.42,0,60,14,83,0,0
3,496,319,815,9,55.3,1,60,16,4,1,1
16,51,353,404,9,41.36,0,75,13,85,0,1
6,629,310,939,8,88.89,0,140,1,48,0,1
37,572,318,890,1,62.01,1,79,12,72,0,0
12,45,347,392,3,93.85,0,160,4,19,0,0
9,51,96,147,0,70.8,0,40,12,30,0,0
22,680,117,797,0,21.26,1,29,8,65,0,0
17,226,213,439,2,93.08,0,41,11,14,0,0
4,688,186,874,2,88.6,0,184,12,9,0,0
32,399,280,679,0,70.82,0,62,13,54,0,0
33,273,3,276,8,62.78,1,15,1,0,1,1
29,218,55,273,5,56.23,1,69,19,84,0,0
25,527,298,825,6,58.57,0,140,11,60,0,1
16,87,328,415,6,81.54,0,78,10,64,0,1
22,322,120,442,9,61.05,1,83,8,45,0,1
21,276,124,400,1,34.08,1,26,2,56,0,0
7,123,224,347,3,24.65,1,136,12,85,0,0
4,282,190,472,3,30.09,0,51,7,0,1,1
10,422,67,489,5,40.12,1,28,18,22,0,1
18,542,200,742,5,49.42,0,145,13,62,0,0
7,69,327,396,7,91.39,1,188,9,11,0,1
5,697,291,988,5,39.13,1,126,1,22,0,1
34,702,326,1028,2,45.57,1,188,11,2,1,1
15,553,257,810,5,37.84,0,86,17,4,1,1
23,739,350,1089,9,63.66,0,108,9,39,0,0
21,342,99,441,5,69.37,0,77,13,59,0,1
29,657,18,675,5,62.57,0,106,3,9,0,1
29,581,45,626,1,96.15,0,179,8,88,0,0
12,450,396,846,0,99.63,1,130,16,69,0,0
34,143,256,399,2,86.99,1,15,9,59,0,0
15,446,99,545,0,84.42,0,120,17,6,1,0
33,721,341,1062,4,49.28,0,81,8,46,0,1
16,787,123,910,8,66.38,0,113,16,82,0,1
5,358,238,596,4,48.12,1,115,13,21,0,0
30,198,99,297,6,82.75,1,121,19,48,0,0
2,598,37,635,8,33.75,0,174,11,50,0,1
31,60,107,167,7,37.33,0,173,9,62,0,0
2,120,91,211,6,23.1,1,194,7,82,0,0
9,449,221,670,7,68.72,0,126,13,11,0,0
24,792,8,800,2,75.08,0,64,19,5,1,1
37,263,95,358,4,20.27,1,47,4,8,0,1
16,354,227,581,3,60.86,0,171,18,24,0,0
5,257,157,414,7,50.15,1,183,19,31,0,0
10,352,254,606,4,83.39,1,17,15,79,0,1
35,5,262,267,9,23.11,1,51,12,46,0,1
29,475,386,861,1,23.89,0,139,17,67,0,0
4,476,334,810,1,69.62,0,41,5,51,0,0
16,252,91,343,7,67.33,1,19,13,85,0,0
11,211,277,488,7,86.49,0,199,16,29,0,1
7,609,250,859,6,67.38,1,28,16,60,0,1
34,150,237,387,3,95.95,1,50,12,24,0,0
25,37,319,356,0,45.15,0,197,8,21,0,0
8,32,59,91,3,51.83,0,29,19,88,0,0
26,705,150,855,4,98.21,1,161,13,2,1,1
17,291,326,617,4,28.6,1,116,15,24,0,1
3,81,356,437,9,83.67,1,112,12,34,0,1
18,703,14,717,8,20.93,0,167,17,12,0,1
8,118,188,306,7,58.92,0,14,10,69,0,1
10,269,105,374,0,32.27,0,21,11,32,0,0
35,16,67,83,1,67.91,1,47,16,41,0,1
28,543,22,565,4,83.85,0,103,10,27,0,0
6,559,215,774,6,22.64,1,192,5,80,0,1
34,605,266,871,6,33.1,0,23,15,37,0,1
23,210,212,422,2,47.41,0,89,8,70,0,0
35,262,147,409,1,40.46,0,91,2,56,0,1
30,750,308,1058,3,50.66,0,47,8,86,0,1
14,657,260,917,7,96.15,1,75,2,54,0,0
21,29,363,392,9,28.1,0,48,17,88,0,0
21,553,138,691,9,53.86,1,36,19,62,0,1
29,650,95,745,5,56.57,0,109,6,5,1,1
10,447,182,629,0,42.43,0,186,18,14,0,1
13,511,202,713,9,42.28,1,86,14,71,0,1
10,0,183,183,1,77.18,1,130,19,4,1,0
12,24,332,356,2,69.43,1,137,4,17,0,0
7,28,18,46,9,85.03,0,170,2,71,0,0
2,127,211,338,5,52.41,0,166,18,31,0,1
37,792,172,964,1,68.54,0,182,6,19,0,0
3,507,84,591,5,91.49,0,164,12,17,0,0
35,625,256,881,0,88.11,1,186,18,28,0,1
1,236,320,556,3,93.6,0,193,7,75,0,0
31,750,218,968,9,41.52,1,152,2,41,0,1
13,159,33,192,2,98.83,0,103,16,85,0,0
21,721,30,751,8,85.31,1,68,9,64,0,1
12,24,168,192,5,83.58,0,118,1,24,0,0
20,16,267,283,6,73.41,0,167,7,14,0,1
18,63,125,188,7,98.66,0,153,11,84,0,0
21,633,123,756,5,55.33,0,108,17,81,0,1
16,205,344,549,0,79.32,0,24,5,11,0,0
21,360,5,365,9,75.9,1,61,10,28,0,0
33,377,31,408,4,78.57,0,119,4,66,0,0
17,631,62,693,6,80.12,1,83,6,88,0,0
15,278,393,671,5,35.26,1,96,6,81,0,0
6,5,199,204,6,47.92,1,67,10,25,0,0
15,309,63,372,3,51.38,1,24,13,80,0,0
5,230,124,354,8,79.84,1,98,3,65,0,0
8,584,387,971,2,77.3,1,94,2,41,0,1
38,601,277,878,6,86.67,0,158,14,33,0,1
4,73,89,162,5,83.08,0,31,6,73,0,0
19,634,96,730,5,67.68,1,102,12,75,0,1
33,56,29,85,0,31.2,0,172,2,82,0,0
38,495,309,804,3,70.84,1,60,12,41,0,1
6,311,54,365,0,90.96,1,70,18,24,0,0
7,241,114,355,5,71.45,0,26,9,78,0,0
15,386,139,525,6,91.65,0,119,11,27,0,1
22,248,248,496,5,99.92,0,172,6,67,0,0
38,635,242,877,7,48.74,0,101,6,45,0,1
9,773,319,1092,3,77.86,1,89,2,52,0,1
7,652,118,770,3,63.2,1,152,10,18,0,1
10,351,154,505,4,56.4,0,93,18,22,0,0
35,402,155,557,2,39.19,0,85,3,58,0,0
2,357,18,375,8,39.67,1,155,8,23,0,1
15,634,295,929,8,34.8,0,63,16,60,0,0
5,441,214,655,4,70.52,1,171,10,89,0,0
7,374,190,564,7,31.36,1,60,15,7,0,0
36,327,398,725,0,54.51,0,107,8,83,0,0
1,300,71,371,1,61.87,0,57,12,15,0,0
13,442,387,829,2,55.06,1,130,19,12,0,1
36,551,272,823,3,88.39,0,92,12,75,0,1
24,345,88,433,2,55.45,1,55,16,18,0,1
3,645,271,916,5,26.63,0,151,14,58,0,1
19,661,302,963,7,99.38,0,187,2,9,0,0
38,343,144,487,4,87.6,0,15,4,7,0,1
16,727,137,864,4,72.8,1,117,12,18,0,1
21,138,334,472,0,80.51,0,146,7,46,0,0
21,745,64,809,2,30.26,0,146,10,26,0,1
26,235,5,240,8,81.27,1,51,10,20,0,1
8,451,266,717,8,36.62,1,31,16,75,0,1
33,226,362,588,1,59.12,1,107,19,15,0,1
39,353,200,553,0,34.24,0,131,19,8,0,1
6,272,53,325,8,80.3,1,65,2,9,0,0
32,564,215,779,1,39.67,0,80,15,79,0,0
32,64,100,164,5,40.26,0,111,14,42,0,1
29,670,330,1000,8,28.74,1,95,17,87,0,1
15,723,244,967,7,77.65,0,101,9,72,0,1
19,450,134,584,5,43.67,0,139,10,25,0,1
33,437,249,686,3,61.46,1,197,9,71,0,1
6,559,266,825,7,46.58,0,161,8,41,0,0
33,159,271,430,6,81.98,1,11,5,50,0,0
36,599,146,745,8,38.12,0,76,13,47,0,1
27,174,228,402,5,95.27,1,11,1,68,0,0
14,541,17,558,9,45.71,1,175,15,18,0,1
22,244,161,405,7,28.31,0,132,16,5,1,1
2,596,151,747,0,39.22,1,51,5,65,0,0
37,632,213,845,2,25.92,1,169,5,85,0,1
14,166,380,546,7,57.5,0,116,10,52,0,1
3,493,381,874,1,40.02,1,19,17,10,0,1
31,398,193,591,7,90.88,0,38,3,10,0,0
26,235,258,493,3,61.37,1,163,9,49,0,1
25,470,43,513,2,38.67,0,64,5,80,0,0
3,794,192,986,5,56.1,1,109,17,55,0,0
30,1,275,276,9,35.68,1,180,17,27,0,1
25,765,273,1038,8,34.3,0,64,2,55,0,1
31,684,385,1069,4,44.05,0,12,3,14,0,1
33,423,186,609,0,28.66,0,25,3,43,0,0
9,488,363,851,8,35.09,1,183,16,88,0,0
9,295,391,686,8,95.04,1,123,18,56,0,0
37,103,228,331,6,73.34,0,72,8,9,0,1
21,457,36,493,6,93.69,1,24,3,18,0,1
18,653,150,803,5,40.55,1,142,13,5,1,1
12,184,305,489,0,88.56,1,17,17,36,0,1
25,573,232,805,1,48.98,1,27,18,21,0,0
30,598,374,972,1,31.54,1,122,9,88,0,0
1,606,326,932,9,84.38,0,131,15,28,0,0
22,272,25,297,0,24.77,0,118,19,3,1,1
39,313,344,657,5,52.39,1,182,16,39,0,1
11,332,142,474,3,85.55,1,61,10,66,0,0
11,683,327,1010,0,69.37,0,115,5,61,0,1
35,720,203,923,9,61.45,1,68,8,87,0,1
3,331,182,513,0,48.29,1,78,7,32,0,1
16,775,28,803,8,26.0,1,38,19,47,0,1
18,456,47,503,7,99.28,0,160,14,50,0,1
32,308,238,546,7,33.98,1,143,17,2,1,1
6,0,227,227,1,40.42,0,145,15,0,1,1
17,488,221,709,8,38.87,1,37,10,71,0,0
6,515,62,577,5,92.64,0,32,16,34,0,0
31,774,203,977,4,81.1,1,158,13,61,0,0
25,574,24,598,6,56.59,0,136,15,85,0,1
20,23,57,80,3,96.43,1,15,6,22,0,0
16,453,199,652,2,24.22,1,136,5,69,0,0
6,594,246,840,2,91.49,1,196,4,19,0,0
36,397,262,659,5,24.83,1,152,6,66,0,1
26,343,392,735,6,51.29,0,62,19,14,0,0
13,647,341,988,2,24.32,0,70,18,27,0,1
17,489,151,640,2,99.92,1,152,3,42,0,0
29,545,313,858,9,93.15,1,86,11,43,0,1
29,371,38,409,5,66.78,1,149,18,2,1,0
18,222,342,564,8,37.43,1,192,15,76,0,1
12,415,154,569,3,42.14,1,87,12,0,1,0
26,767,304,1071,2,55.96,0,118,12,79,0,0
26,482,388,870,2,45.82,0,103,7,18,0,1
24,565,281,846,5,21.71,0,106,18,63,0,1
3,99,368,467,7,72.5,1,24,2,64,0,0
19,790,4,794,5,69.07,1,197,17,41,0,0
24,195,68,263,2,92.34,0,112,17,48,0,0
38,777,250,1027,9,58.15,0,53,5,6,1,1
21,356,216,572,5,47.58,0,119,10,81,0,0
14,735,48,783,3,60.92,1,85,17,10,0,0
22,713,287,1000,0,35.58,1,166,10,59,0,1
7,604,23,627,5,70.04,0,154,6,0,1,1
4,733,396,1129,6,81.6,1,82,2,67,0,1
27,487,62,549,9,32.28,0,145,9,32,0,1
39,679,178,857,2,45.47,1,16,6,43,0,1
33,137,329,466,1,89.42,1,193,17,2,1,1
23,56,205,261,9,60.44,1,107,17,19,0,1
2,434,297,731,5,62.55,1,134,7,39,0,1
39,647,281,928,0,77.79,0,132,4,64,0,0
18,612,379,991,1,66.23,1,69,6,53,0,0
12,422,185,607,4,25.57,1,141,8,23,0,1
35,416,391,807,6,84.32,0,85,13,53,0,0
30,487,206,693,2,93.83,1,139,3,20,0,1
30,694,357,1051,3,24.26,1,27,19,49,0,1
11,673,293,966,7,29.7,0,37,14,48,0,1
39,87,53,140,9,76.16,1,185,3,20,0,1
18,476,257,733,4,68.36,0,149,6,18,0,1
21,304,351,655,4,50.6,1,34,14,46,0,0
30,639,51,690,3,63.14,1,50,10,52,0,1
26,404,335,739,1,76.27,1,113,11,88,0,0
7,793,42,835,0,60.36,1,11,1,44,0,0
12,345,348,693,8,31.22,1,86,8,40,0,1
15,543,315,858,0,27.15,0,72,12,42,0,0
37,86,60,146,8,55.11,1,35,15,78,0,0
28,745,290,1035,2,93.83,0,66,9,27,0,0
15,122,46,168,6,64.62,1,65,11,34,0,0
29,302,227,529,9,48.66,1,22,5,33,0,1
29,670,369,1039,7,92.7,1,130,16,56,0,1
16,773,82,855,7,51.09,0,61,14,62,0,0
16,387,69,456,2,60.73,0,15,15,43,0,1
35,387,169,556,5,29.32,0,14,13,23,0,1
22,38,147,185,6,78.99,1,193,19,61,0,0
6,783,19,802,4,76.02,0,32,17,24,0,1
29,13,182,195,0,83.54,1,182,16,80,0,0
23,20,103,123,9,46.02,1,41,7,56,0,1
20,378,49,427,1,54.88,0,26,2,39,0,0
29,2,110,112,9,33.47,1,113,1,20,0,1
36,131,8,139,9,97.16,0,174,15,68,0,0
13,502,366,868,0,26.89,0,23,18,54,0,1
17,564,397,961,7,71.92,0,72,13,79,0,1
8,238,147,385,6,76.42,1,153,14,63,0,0
26,636,350,986,2,32.62,1,22,2,71,0,1
16,486,184,670,8,49.23,1,42,11,8,0,1
14,182,364,546,1,23.45,0,68,12,2,1,1
28,569,69,638,2,64.53,0,163,3,59,0,1
16,473,113,586,9,99.6,0,163,15,0,1,1
19,649,295,944,7,54.39,1,144,7,80,0,1
18,123,88,211,1,99.2,1,136,4,79,0,0
11,184,329,513,1,30.1,0,14,14,52,0,0
5,242,170,412,2,51.4,0,55,9,65,0,0
33,273,161,434,0,92.16,0,185,11,37,0,1
4,711,181,892,1,90.14,1,146,11,86,0,0
13,586,319,905,5,45.89,1,55,12,3,1,0
27,435,2,437,0,74.29,0,144,8,26,0,0
6,432,300,732,2,90.89,1,147,16,62,0,0
26,708,311,1019,3,81.35,0,151,17,70,0,0
29,357,328,685,9,70.28,0,196,10,21,0,1
26,180,398,578,9,32.21,0,112,4,72,0,1
12,109,312,421,8,25.84,0,21,6,41,0,0
1,264,211,475,3,69.17,1,165,15,77,0,0
35,522,186,708,5,60.02,1,12,5,24,0,1
13,376,155,531,5,39.04,1,131,15,62,0,1
32,337,330,667,8,43.42,1,161,13,18,0,1
8,384,157,541,7,51.37,0,33,9,12,0,0
7,779,229,1008,9,59.64,0,161,3,63,0,0
31,798,38,836,5,51.22,0,163,11,61,0,1
37,129,126,255,9,50.98,0,134,14,26,0,1
34,91,106,197,7,29.26,1,71,3,54,0,0
30,195,174,369,7,89.25,1,48,16,84,0,1
10,681,200,881,6,68.73,1,143,4,30,0,1
36,367,286,653,3,31.69,0,39,8,45,0,1
27,690,172,862,6,53.91,1,138,11,18,0,1
7,517,60,577,3,53.34,0,42,15,46,0,0
6,442,218,660,6,68.05,0,73,5,79,0,0
34,225,21,246,2,68.71,1,106,7,57,0,0
11,275,339,614,7,71.62,1,40,16,12,0,1
30,118,308,426,5,75.83,1,160,7,66,0,1
6,415,90,505,7,28.27,1,142,12,37,0,1
11,224,105,329,2,44.39,1,13,8,1,1,1
12,233,11,244,7,21.39,0,171,2,56,0,1
11,31,145,176,8,56.37,1,146,10,26,0,1
27,639,15,654,1,54.35,1,169,7,87,0,1
36,751,374,1125,3,78.75,0,124,6,89,0,1
36,398,53,451,6,33.37,1,129,17,60,0,0
29,428,263,691,8,70.52,0,82,15,56,0,0
8,740,228,968,7,44.54,1,53,6,27,0,1
38,409,94,503,4,50.55,1,54,10,6,1,1
22,498,323,821,2,77.54,1,70,14,5,1,0
22,342,43,385,9,25.72,1,65,2,41,0,1
28,411,354,765,8,47.42,0,153,2,28,0,1
30,417,296,713,8,51.31,1,109,11,86,0,1
38,568,254,822,3,77.26,1,88,18,26,0,1
23,483,351,834,4,35.94,1,147,18,19,0,1
24,403,161,564,2,95.79,0,149,9,73,0,0
30,60,112,172,9,99.82,1,187,14,75,0,0
10,723,61,784,8,85.51,1,68,10,33,0,1
13,710,369,1079,1,43.98,0,56,18,7,0,0
25,147,160,307,2,73.11,0,11,11,8,0,1
3,234,331,565,5,26.65,1,40,17,46,0,1
13,778,132,910,4,89.7,0,124,7,78,0,0
29,256,381,637,4,61.28,0,163,18,34,0,1
39,649,348,997,3,34.12,1,124,14,1,1,1
21,628,123,751,6,46.19,0,198,15,33,0,1
16,688,194,882,8,84.06,0,129,1,0,1,1
18,12,317,329,9,89.62,0,177,16,38,0,1
27,386,90,476,4,61.58,1,60,4,42,0,0
22,452,9,461,8,58.42,0,71,18,65,0,1
1,669,115,784,6,80.06,0,164,4,6,1,1
22,179,236,415,1,86.1,0,135,16,43,0,0
16,245,54,299,7,81.19,0,102,13,15,0,0
28,143,133,276,3,50.75,1,191,8,41,0,0
35,609,367,976,6,71.35,0,154,17,88,0,1
38,799,30,829,7,88.59,1,66,8,66,0,1
24,112,20,132,9,32.14,0,126,2,75,0,1
15,186,169,355,9,51.05,0,85,2,3,1,1
18,245,5,250,8,24.53,0,89,17,68,0,1
7,711,11,722,5,52.71,0,162,8,77,0,1
37,356,73,429,4,81.78,0,139,16,60,0,0
34,225,40,265,4,35.76,0,12,1,70,0,0
34,257,324,581,9,63.35,1,119,2,4,1,1
13,478,49,527,2,22.93,1,132,19,66,0,1
13,309,209,518,5,91.81,0,107,3,75,0,0
34,112,282,394,6,85.6,0,66,14,20,0,0
22,656,250,906,0,61.95,0,133,7,42,0,1
28,337,261,598,6,76.46,1,190,10,38,0,0
20,205,143,348,2,28.31,0,26,3,8,0,1
18,582,355,937,2,87.62,0,124,6,11,0,0
25,596,27,623,6,77.22,0,182,15,27,0,0
32,124,42,166,0,29.6,1,86,11,9,0,1
14,58,342,400,1,98.46,0,73,10,45,0,0
32,36,27,63,4,21.8,1,57,18,5,1,1
10,612,76,688,5,70.28,0,52,8,1,1,1
16,500,69,569,1,33.74,0,84,16,56,0,0
36,633,13,646,3,77.54,1,156,14,22,0,1
38,501,46,547,3,25.63,0,44,9,34,0,1
37,321,229,550,5,26.49,1,53,6,30,0,1
13,471,264,735,3,57.3,0,199,7,42,0,0
33,577,33,610,0,99.52,1,199,17,41,0,0
37,319,376,695,5,42.12,0,53,6,11,0,1
39,732,38,770,8,69.0,1,89,13,0,1,1
1,719,274,993,5,61.49,1,86,3,39,0,1
30,640,320,960,3,87.37,1,66,7,50,0,1
39,793,208,1001,4,43.09,0,39,18,69,0,1
30,312,196,508,1,64.4,0,21,11,17,0,0
10,91,43,134,2,96.05,1,126,16,7,0,0
30,387,96,483,4,46.61,0,17,5,53,0,0
5,596,340,936,5,55.15,0,127,15,81,0,0
19,623,139,762,4,91.11,1,28,19,21,0,0
25,310,13,323,9,46.6,0,39,18,7,0,1
18,234,291,525,6,50.45,0,10,9,36,0,1
28,356,273,629,0,44.33,1,85,13,50,0,0
10,643,26,669,5,84.76,0,72,18,56,0,0
24,48,20,68,5,94.43,1,73,16,10,0,0
26,262,46,308,0,70.49,1,68,19,59,0,0
25,183,20,203,3,69.89,0,188,1,30,0,0
12,644,246,890,8,51.2,0,91,11,2,1,1
12,375,53,428,3,21.0,1,163,16,83,0,0
11,69,242,311,4,33.92,0,54,14,48,0,1
19,209,70,279,2,31.8,0,101,3,27,0,1
23,35,388,423,0,29.27,1,21,11,73,0,1
15,380,290,670,3,72.32,1,59,4,71,0,0
16,798,149,947,7,30.91,0,23,2,18,0,1
12,453,171,624,9,26.85,0,13,3,86,0,0
9,695,26,721,6,50.61,0,44,19,47,0,1
26,594,21,615,8,39.92,1,40,6,23,0,1
32,706,215,921,6,31.67,0,70,9,40,0,1
12,248,9,257,6,31.69,1,151,5,16,0,1
34,761,255,1016,4,40.5,0,38,17,76,0,1
23,190,152,342,0,62.95,0,126,17,24,0,1
7,350,55,405,4,80.65,1,79,13,39,0,0
15,545,214,759,8,88.22,1,86,16,6,1,1
1,229,221,450,5,80.11,1,185,2,84,0,0
2,211,298,509,7,70.26,1,98,19,27,0,1
14,104,79,183,0,92.61,0,59,8,58,0,1
18,3,218,221,2,61.58,0,55,8,31,0,1
32,400,337,737,2,70.67,0,41,4,50,0,1
6,789,107,896,3,52.93,0,162,17,50,0,0
33,176,334,510,9,46.19,0,136,4,26,0,1
10,352,289,641,4,46.54,0,60,17,38,0,0
6,748,171,919,6,31.87,1,103,14,53,0,0
28,617,353,970,6,83.73,0,106,15,19,0,1
31,3,386,389,4,24.43,0,18,1,11,0,0
24,400,94,494,9,73.97,1,182,15,16,0,0
5,114,391,505,2,89.16,0,159,19,37,0,0
5,197,0,197,0,59.79,0,111,8,19,0,0
16,197,51,248,7,25.62,1,145,9,25,0,1
18,489,17,506,6,54.27,1,30,3,61,0,1
39,159,147,306,2,47.46,1,195,10,60,0,0
12,201,374,575,8,98.84,1,131,13,84,0,0
8,180,240,420,1,75.3,1,188,6,68,0,0
37,285,246,531,2,77.71,1,174,15,38,0,1
7,524,33,557,1,61.27,1,121,2,83,0,0
2,319,206,525,1,76.75,0,64,13,82,0,0
17,262,153,415,7,77.81,1,140,12,19,0,1
16,414,191,605,7,25.31,1,107,5,15,0,1
25,492,104,596,6,37.81,1,87,7,79,0,1
35,12,80,92,8,21.04,0,145,5,80,0,1
37,712,380,1092,0,60.78,1,178,12,76,0,1
12,733,223,956,6,90.06,0,42,13,41,0,0
39,482,164,646,1,68.76,0,115,11,77,0,1
25,459,29,488,9,60.02,1,157,4,69,0,1
3,555,305,860,6,94.08,0,71,5,66,0,0
37,352,189,541,7,33.78,0,74,16,54,0,1
6,292,154,446,5,25.97,0,11,9,24,0,1
23,282,266,548,3,93.38,0,71,9,67,0,0
31,127,52,179,6,92.22,1,121,6,79,0,0
10,672,213,885,8,74.64,1,194,18,79,0,1
11,256,345,601,1,39.68,1,109,5,53,0,0
19,227,185,412,8,97.58,0,65,15,3,1,0
35,771,0,771,7,81.23,1,164,15,66,0,0
9,405,91,496,0,73.91,1,45,5,22,0,0
26,497,22,519,9,37.83,0,45,1,18,0,1
18,196,200,396,1,61.05,1,109,5,7,0,1
5,222,145,367,6,85.81,1,164,6,14,0,0
28,582,52,634,1,88.82,0,50,15,44,0,1
33,360,274,634,1,64.91,0,12,11,24,0,1
23,118,70,188,6,61.82,1,147,9,34,0,0
7,668,136,804,6,75.81,0,121,10,46,0,1
7,322,395,717,6,62.26,0,140,19,47,0,1
17,534,26,560,3,53.41,1,85,18,37,0,1
20,273,99,372,8,26.83,1,32,1,40,0,1
22,448,127,575,0,30.08,1,72,17,79,0,0
10,620,203,823,8,80.82,1,99,7,25,0,1
20,708,97,805,3,21.97,1,92,15,1,1,1
12,165,388,553,6,24.18,0,178,19,72,0,1
27,537,2,539,9,92.37,0,52,10,7,0,0
32,731,379,1110,2,76.32,1,69,12,69,0,0
26,514,213,727,4,20.34,0,44,9,29,0,1
1,114,15,129,8,44.96,1,118,2,75,0,0
39,151,46,197,8,81.07,0,162,1,15,0,1
1,162,41,203,2,53.41,0,177,7,14,0,0
39,85,114,199,5,57.5,0,53,16,36,0,1
2,602,133,735,3,56.7,1,91,7,37,0,0
21,772,256,1028,5,36.17,1,150,9,64,0,0
5,413,124,537,3,77.71,1,18,11,58,0,0
4,479,290,769,0,28.24,0,145,7,89,0,0
27,618,117,735,9,60.58,1,35,10,60,0,0
29,332,105,437,6,33.6,0,16,12,18,0,1
5,377,110,487,4,23.72,1,31,17,7,0,1
39,471,131,602,1,31.46,0,177,15,23,0,0
13,243,335,578,0,89.55,1,139,16,88,0,1
13,49,98,147,4,34.09,1,159,10,69,0,0
12,454,109,563,6,42.27,0,141,14,66,0,1
18,657,382,1039,2,31.05,1,161,3,24,0,1
7,58,261,319,7,78.84,1,104,3,42,0,0
17,173,76,249,3,55.64,0,163,18,63,0,0
9,210,347,557,0,95.49,0,20,12,85,0,0
3,643,73,716,5,73.15,0,120,3,52,0,1
15,403,64,467,1,62.51,0,153,8,1,1,1
27,427,178,605,0,72.53,1,198,19,76,0,0
30,516,276,792,1,23.23,1,78,1,84,0,1
14,221,75,296,2,96.05,1,44,9,3,1,1
13,570,301,871,5,96.51,0,146,16,35,0,1
31,24,62,86,9,42.09,0,23,18,88,0,1
27,90,312,402,2,70.26,1,157,8,85,0,0
33,652,38,690,0,36.15,0,143,18,86,0,1
36,526,185,711,1,63.8,1,141,14,87,0,1
33,141,256,397,3,81.66,1,65,8,2,1,0
37,351,106,457,2,95.19,1,32,15,13,0,1
17,41,244,285,3,47.14,1,125,16,44,0,0
16,537,275,812,9,75.48,1,78,6,54,0,1
13,604,260,864,3,77.31,0,84,2,36,0,1
10,222,158,380,6,37.69,1,45,15,24,0,1
30,280,309,589,6,70.32,0,73,2,22,0,1
28,189,292,481,1,72.43,0,168,15,54,0,0
32,311,130,441,2,81.13,0,179,7,88,0,0
7,217,293,510,4,100.0,1,76,14,74,0,0
20,197,367,564,4,23.22,0,36,12,15,0,0
9,344,326,670,0,36.18,1,16,1,13,0,0
35,687,293,980,6,31.61,0,45,1,23,0,1
11,610,306,916,3,32.35,1,11,12,65,0,1
6,237,321,558,3,56.34,0,136,10,0,1,0
23,754,115,869,6,90.28,1,132,1,63,0,1
35,168,288,456,9,55.9,0,158,19,52,0,1
36,728,79,807,8,73.48,1,73,5,59,0,1
4,247,143,390,9,50.12,0,168,17,77,0,0
13,432,373,805,4,45.57,1,42,3,53,0,1
6,162,113,275,1,86.74,0,53,5,55,0,0
13,609,337,946,2,72.44,1,184,11,43,0,0
21,254,169,423,3,48.07,0,177,11,58,0,0
11,698,83,781,3,93.13,0,123,12,34,0,0
3,66,38,104,2,59.88,1,125,4,5,1,0
20,401,219,620,1,35.06,1,143,6,2,1,1
3,126,180,306,1,58.66,0,166,6,64,0,0
9,711,204,915,6,73.98,0,53,9,57,0,1
1,333,17,350,4,49.37,1,23,18,36,0,0
4,539,107,646,0,87.5,0,45,9,67,0,0
18,703,1,704,5,62.65,1,77,19,42,0,0
34,428,120,548,8,57.42,1,54,5,22,0,1
31,45,372,417,4,88.7,1,109,5,52,0,1
4,176,60,236,3,57.03,1,36,2,34,0,0
2,170,275,445,2,53.15,0,119,5,87,0,0
14,731,2,733,3,28.3,0,144,6,64,0,0
26,726,224,950,2,49.0,0,28,8,67,0,1
30,381,368,749,9,51.76,0,64,14,61,0,1
33,712,136,848,9,34.45,1,112,9,61,0,1
14,196,78,274,3,67.03,1,22,14,69,0,0
7,543,228,771,9,31.51,0,136,2,38,0,1
2,313,111,424,8,37.9,1,153,18,73,0,1
6,192,356,548,0,64.89,0,78,3,3,1,1
3,200,339,539,4,41.52,0,11,1,59,0,1
34,335,260,595,6,71.17,0,105,9,48,0,1
11,271,255,526,4,75.24,0,175,13,0,1,0
33,168,240,408,4,44.1,1,65,5,59,0,0
22,267,294,561,4,26.99,1,171,4,0,1,1
22,102,184,286,6,59.16,1,175,17,63,0,0
18,775,387,1162,2,27.43,1,63,16,47,0,1
32,303,138,441,5,61.22,0,123,15,54,0,0
2,85,3,88,2,78.1,1,18,5,54,0,0
4,460,279,739,8,69.63,1,114,11,27,0,1
17,706,264,970,0,55.86,1,177,14,56,0,0
16,287,392,679,0,95.67,1,189,9,19,0,1
22,676,158,834,0,28.14,1,47,4,68,0,0
29,488,169,657,3,90.4,0,136,16,8,0,0
23,591,224,815,6,84.01,1,22,18,12,0,0
11,237,156,393,9,53.58,0,63,4,63,0,1
13,29,313,342,4,32.23,0,168,14,5,1,1
30,276,171,447,1,32.47,0,131,17,87,0,1
8,739,313,1052,3,93.74,0,84,11,2,1,1
20,632,170,802,1,38.7,1,192,1,47,0,1
22,627,90,717,4,89.93,1,154,14,88,0,1
30,702,396,1098,7,60.26,1,14,18,60,0,1
28,298,210,508,0,56.94,0,25,5,56,0,1
19,257,282,539,7,69.56,1,129,3,62,0,1
13,740,236,976,2,37.2,0,176,5,63,0,0
15,457,143,600,6,54.27,1,39,16,14,0,1
17,238,388,626,8,95.08,0,112,11,27,0,0
9,222,148,370,7,39.06,0,165,1,17,0,0
25,701,397,1098,6,93.73,0,173,12,19,0,1
9,42,172,214,6,99.54,1,131,16,18,0,0
26,49,9,58,1,24.15,1,199,4,57,0,0
30,590,14,604,1,62.51,1,188,12,83,0,0
38,1,389,390,3,33.75,0,168,5,50,0,1
5,136,211,347,6,69.74,1,137,1,1,1,0
30,792,155,947,6,99.16,0,197,8,62,0,0
4,340,324,664,7,91.75,0,13,15,48,0,1
14,582,246,828,3,93.99,1,26,13,69,0,0
7,389,264,653,8,37.07,0,106,2,33,0,0
7,72,274,346,4,63.39,1,137,4,38,0,0
7,147,79,226,2,38.79,0,181,11,59,0,0
2,608,35,643,7,91.95,0,138,7,63,0,1
33,75,291,366,1,35.29,0,54,7,19,0,1
3,475,8,483,4,32.32,1,182,9,52,0,0
16,278,287,565,7,20.97,1,25,15,86,0,0
28,296,51,347,7,34.56,1,28,11,5,1,1
39,761,105,866,2,35.18,1,146,17,29,0,0
34,484,283,767,1,26.2,1,193,2,48,0,0
6,492,249,741,0,89.42,1,105,9,83,0,0
39,280,312,592,0,82.4,0,35,11,87,0,0
26,305,244,549,8,40.36,0,19,15,53,0,1
8,548,19,567,7,82.66,0,196,10,49,0,0
18,31,335,366,5,53.77,0,63,18,37,0,1
36,189,86,275,5,82.04,1,131,16,40,0,0
16,480,54,534,3,45.84,0,72,14,66,0,1
8,498,351,849,1,65.17,1,50,8,48,0,0
35,73,77,150,0,50.53,1,136,7,49,0,0
38,630,214,844,6,35.01,0,150,11,75,0,1
39,434,194,628,0,66.85,1,99,9,12,0,0
38,190,307,497,1,80.07,1,106,1,86,0,0
35,601,17,618,7,80.25,0,102,5,63,0,0
18,792,42,834,5,48.5,1,122,16,52,0,0
8,338,166,504,4,61.5,1,163,9,52,0,1
25,226,189,415,2,81.1,0,145,19,51,0,1
9,239,315,554,1,24.36,1,62,5,50,0,0
19,474,242,716,4,25.75,0,56,19,31,0,1
26,37,59,96,3,50.1,0,137,16,66,0,0
37,386,391,777,5,37.88,1,132,7,22,0,1
12,19,183,202,1,49.97,0,79,12,58,0,0
10,30,385,415,2,27.5,1,169,19,47,0,0
29,344,395,739,1,67.36,0,89,13,32,0,0
1,596,20,616,4,73.74,0,73,18,72,0,1
23,706,202,908,2,83.35,0,115,3,28,0,0
30,70,168,238,2,72.04,1,46,4,59,0,0
22,195,199,394,5,51.71,1,142,1,22,0,0
15,337,123,460,4,94.79,1,180,7,18,0,0
33,459,223,682,2,78.11,0,189,15,51,0,0
15,789,196,985,6,62.21,1,94,19,87,0,0
28,547,74,621,3,36.55,1,61,11,26,0,1
19,430,115,545,3,71.92,1,101,9,10,0,0
2,48,58,106,4,67.34,1,29,18,10,0,0
21,64,337,401,1,74.67,0,136,12,44,0,0
2,122,270,392,4,82.49,1,91,11,70,0,0
37,528,155,683,5,93.2,1,33,2,64,0,1
24,265,158,423,1,95.92,1,113,5,18,0,0
15,192,31,223,5,70.41,0,146,14,75,0,0
19,536,115,651,0,97.28,0,53,14,14,0,0
25,652,369,1021,6,92.91,1,86,10,50,0,0
11,351,12,363,0,20.21,1,179,14,76,0,0
12,705,58,763,1,71.01,0,144,14,72,0,0
17,587,338,925,3,34.28,0,161,2,63,0,0
11,573,208,781,6,43.62,1,95,16,29,0,0
30,694,12,706,7,43.8,1,103,14,68,0,1
5,147,195,342,4,58.65,1,104,5,34,0,0
33,606,299,905,1,20.87,1,95,5,31,0,0
14,766,138,904,3,38.86,1,37,19,47,0,0
22,793,152,945,7,22.33,0,17,5,55,0,1
7,462,252,714,0,72.04,0,168,1,18,0,0
16,603,239,842,7,91.14,0,112,1,83,0,1
30,710,361,1071,3,99.82,1,111,5,78,0,1
11,681,99,780,0,55.88,1,123,12,25,0,1
6,718,110,828,6,40.81,1,88,9,21,0,1
21,665,62,727,0,88.25,1,179,14,6,1,1
7,305,265,570,3,29.05,1,99,5,36,0,1
13,584,213,797,1,97.94,1,105,5,15,0,0
18,328,138,466,5,77.19,1,110,8,83,0,1
22,641,278,919,0,60.31,0,39,16,80,0,1
25,648,150,798,0,27.73,1,42,10,74,0,1
27,747,78,825,5,21.46,1,44,15,25,0,1
33,470,215,685,9,63.56,1,58,2,62,0,1
3,380,174,554,0,53.11,1,40,8,44,0,0
15,132,162,294,4,87.41,1,52,9,24,0,0
1,510,177,687,8,71.38,0,188,2,48,0,0
1,453,365,818,2,54.55,0,78,6,14,0,0
9,411,86,497,4,38.08,1,160,6,86,0,0
24,541,110,651,8,58.43,1,84,9,14,0,1
35,680,226,906,7,33.04,1,166,4,27,0,1
31,118,18,136,2,73.36,0,153,6,19,0,0
26,345,58,403,7,68.46,1,169,19,46,0,1
31,577,226,803,6,84.81,1,64,3,60,0,0
7,655,203,858,5,55.96,0,28,16,86,0,1
33,622,261,883,4,42.29,1,68,11,34,0,0
35,639,45,684,9,86.91,0,143,2,18,0,1
4,684,341,1025,8,75.28,0,134,8,1,1,1
19,769,194,963,9,76.54,1,143,10,53,0,1
33,486,62,548,6,62.25,0,198,6,88,0,1
19,199,124,323,3,90.08,1,52,6,5,1,1
33,450,90,540,1,38.22,1,94,14,89,0,1
37,567,180,747,1,52.14,0,103,1,23,0,1
19,80,187,267,9,83.7,0,38,18,81,0,0
3,605,173,778,3,30.64,1,135,7,6,1,1
14,435,184,619,1,84.65,1,19,8,80,0,0
9,749,363,1112,2,48.21,0,180,3,29,0,1
19,169,383,552,0,30.04,1,26,17,24,0,1
23,725,195,920,5,26.33,1,30,5,18,0,1
19,358,385,743,5,87.44,1,42,16,12,0,1
8,458,327,785,3,82.29,0,179,7,71,0,0
12,528,327,855,7,43.04,1,173,1,6,1,1
27,463,90,553,4,29.31,0,185,8,41,0,0
2,723,175,898,9,39.78,0,168,10,85,0,1
9,133,140,273,7,37.04,1,185,9,36,0,0
35,583,38,621,0,78.64,1,99,19,74,0,0
4,779,30,809,2,37.25,0,10,10,62,0,1
17,176,248,424,7,37.29,0,93,15,71,0,0
9,204,168,372,5,22.58,1,51,8,85,0,1
5,380,330,710,7,67.75,0,56,3,8,0,1
17,579,267,846,3,75.12,0,141,10,27,0,0
21,767,34,801,0,72.28,0,41,11,28,0,0
7,636,335,971,7,65.49,0,71,8,6,1,1
4,635,198,833,7,97.29,1,84,15,9,0,0
6,352,226,578,6,57.82,1,21,19,9,0,1
26,516,386,902,4,88.81,0,143,2,85,0,1
34,168,256,424,0,71.68,1,154,2,77,0,1
8,370,8,378,7,26.73,1,116,6,52,0,0
13,151,70,221,6,84.81,1,15,12,76,0,0
14,21,170,191,6,66.75,1,159,1,30,0,0
15,685,14,699,1,72.28,1,94,4,42,0,0
10,643,66,709,7,34.42,0,60,8,79,0,0
3,408,316,724,7,55.0,0,190,8,13,0,1
21,11,57,68,8,90.45,0,173,17,13,0,1
14,72,66,138,5,37.23,0,93,11,47,0,0
14,89,201,290,7,20.01,1,94,17,22,0,1
11,573,36,609,4,40.6,0,183,15,60,0,1
37,162,102,264,6,59.0,0,46,8,57,0,1
24,200,375,575,6,85.7,1,87,19,29,0,1
17,688,252,940,7,71.46,1,118,17,10,0,1
9,701,385,1086,8,93.53,0,75,10,7,0,1
32,610,141,751,0,56.45,1,69,17,39,0,0
35,247,246,493,7,51.27,0,30,5,28,0,0
2,463,95,558,7,38.51,0,60,4,3,1,0
37,160,151,311,5,37.44,1,78,16,62,0,1
28,686,69,755,5,78.89,1,169,15,86,0,0
4,67,333,400,7,26.43,0,74,5,88,0,1
30,595,73,668,4,39.42,1,40,15,10,0,0
5,409,81,490,4,90.87,1,170,10,17,0,0
2,605,185,790,8,66.15,1,76,11,38,0,1
5,360,171,531,7,23.73,0,184,17,82,0,0
18,126,125,251,2,76.34,0,30,4,51,0,0
25,601,142,743,8,60.53,0,14,8,41,0,0
16,504,118,622,3,88.36,0,185,6,83,0,1
5,371,365,736,1,74.59,0,28,11,59,0,0
8,298,232,530,8,20.36,1,11,4,88,0,0
34,275,367,642,2,36.46,0,132,3,77,0,1
38,384,394,778,2,40.64,1,70,14,89,0,1
30,209,260,469,2,76.18,1,102,2,50,0,0
5,225,330,555,4,60.75,0,87,8,33,0,0
32,222,44,266,1,79.8,0,66,19,5,1,1
27,10,379,389,1,61.03,1,101,19,65,0,1
21,742,192,934,3,46.19,1,59,4,23,0,1
6,189,285,474,2,28.29,0,52,18,0,1,1
39,132,98,230,1,36.21,1,52,7,72,0,1
18,120,38,158,9,52.06,0,32,4,38,0,1
2,790,353,1143,5,64.12,0,109,10,49,0,0
9,381,179,560,0,95.09,1,114,10,70,0,0
16,261,55,316,1,39.18,1,13,8,29,0,0
3,323,263,586,8,73.29,1,97,9,73,0,1
13,70,21,91,2,32.2,1,150,2,52,0,0
19,250,180,430,1,77.1,0,10,6,51,0,0
37,198,281,479,6,20.91,0,67,4,24,0,0
4,642,288,930,8,72.47,1,192,18,70,0,1
23,46,181,227,3,33.06,1,91,10,21,0,0
36,340,147,487,7,34.43,1,13,11,55,0,1
32,632,335,967,4,64.71,0,110,9,74,0,0
37,666,73,739,1,50.03,0,88,17,10,0,0
7,410,29,439,7,57.7,1,50,16,36,0,0
32,178,62,240,9,44.71,1,23,14,60,0,1
39,269,320,589,9,96.28,0,177,6,24,0,1
13,177,187,364,1,43.25,1,164,6,2,1,0
20,529,14,543,5,63.36,1,139,18,36,0,1
21,234,67,301,6,88.35,0,13,18,44,0,1
20,504,11,515,0,73.13,1,175,6,82,0,0
12,524,325,849,9,45.82,1,99,7,72,0,1
38,751,184,935,1,64.19,1,100,7,16,0,1
38,296,27,323,2,26.64,0,176,15,24,0,0
15,769,88,857,9,63.65,1,92,19,16,0,1
32,320,246,566,5,54.51,0,54,17,81,0,0
16,544,237,781,6,80.63,0,55,16,31,0,0
31,529,327,856,4,87.83,0,186,7,80,0,1
23,654,10,664,7,35.97,1,113,7,5,1,1
19,375,27,402,0,26.52,0,119,17,50,0,0
5,633,14,647,6,51.24,0,122,8,6,1,1
26,284,157,441,0,62.73,0,51,5,49,0,0
13,393,290,683,1,50.14,0,89,17,0,1,1
9,399,265,664,5,70.28,0,190,10,14,0,1
8,563,84,647,4,60.45,0,37,2,13,0,0
39,494,262,756,1,94.93,1,190,18,63,0,0
5,62,262,324,7,52.75,1,61,6,57,0,0
32,647,76,723,3,26.6,1,66,6,50,0,1
34,606,299,905,8,44.15,1,12,11,17,0,1
2,83,168,251,0,68.47,0,136,6,23,0,1
23,769,23,792,2,40.48,0,70,16,34,0,0
23,528,156,684,2,41.52,0,97,14,88,0,1
14,67,307,374,5,47.17,1,120,11,63,0,0
27,393,278,671,4,79.69,0,130,4,2,1,1
16,668,107,775,1,95.21,1,191,10,2,1,0
18,223,302,525,5,48.03,0,115,6,31,0,1
17,746,155,901,9,35.64,0,43,19,18,0,0
32,334,184,518,1,53.65,1,143,16,36,0,0
25,180,34,214,2,48.15,0,20,3,89,0,0
15,285,398,683,4,99.2,1,170,11,17,0,0
37,419,335,754,7,57.11,1,66,15,53,0,1
32,550,77,627,1,74.34,1,147,10,43,0,0
37,742,224,966,2,93.1,1,39,3,59,0,1
29,155,312,467,2,70.32,1,87,3,49,0,0
16,768,201,969,6,39.95,0,142,14,46,0,1
31,422,84,506,0,68.59,0,128,10,24,0,1
13,102,387,489,6,52.15,1,11,11,86,0,1
11,741,107,848,4,53.79,0,16,6,24,0,1
18,279,133,412,3,98.35,0,196,6,12,0,1
38,496,148,644,8,42.29,0,110,8,8,0,1
23,558,356,914,8,57.51,1,172,11,6,1,1
15,10,200,210,8,32.79,1,23,9,31,0,1
19,177,287,464,8,34.28,0,103,17,73,0,1
12,549,360,909,2,68.28,1,119,4,13,0,1
26,259,371,630,8,80.08,0,184,9,0,1,1
14,7,342,349,1,70.92,1,145,5,47,0,0
22,18,363,381,3,46.34,0,129,1,50,0,1
15,661,379,1040,5,24.77,1,65,8,50,0,1
13,122,396,518,7,57.62,1,198,2,0,1,1
38,80,257,337,5,60.34,1,72,8,18,0,0
14,449,52,501,5,81.65,0,62,13,31,0,1
3,95,45,140,3,71.22,1,147,8,66,0,0
15,522,318,840,5,89.7,0,199,13,58,0,0
21,435,126,561,4,82.64,1,172,6,73,0,0
4,519,321,840,4,49.27,0,44,8,49,0,1
12,393,373,766,5,70.58,1,164,17,36,0,0
7,622,257,879,6,79.78,1,77,5,50,0,1
20,515,305,820,3,96.55,0,52,10,34,0,0
29,332,111,443,1,53.79,0,187,14,14,0,0
38,12,173,185,2,71.86,1,190,7,51,0,0
16,218,386,604,4,51.41,0,80,6,26,0,0
34,105,326,431,1,79.03,1,14,14,23,0,0
9,12,81,93,1,92.96,0,49,2,63,0,0
31,218,374,592,9,93.54,0,112,6,5,1,1
22,165,199,364,2,32.57,1,21,8,2,1,1
30,61,337,398,7,36.33,1,53,5,32,0,1
30,249,208,457,1,80.39,0,38,11,53,0,0
21,405,241,646,9,70.48,0,190,12,75,0,0
11,142,64,206,2,92.41,0,77,19,46,0,0
21,218,135,353,3,45.1,1,82,12,23,0,0
33,16,289,305,7,87.84,1,90,12,30,0,1
38,40,336,376,2,74.7,1,12,14,34,0,1
37,125,35,160,5,35.64,1,113,4,30,0,0
8,362,30,392,7,30.12,0,183,9,60,0,1
24,532,277,809,0,76.22,1,164,16,71,0,1
5,630,178,808,0,32.68,1,57,4,63,0,0
27,503,339,842,7,83.55,0,12,6,34,0,1
39,493,27,520,2,64.57,1,156,5,25,0,1
3,748,139,887,9,58.15,1,169,19,7,0,1
26,204,14,218,9,42.04,0,185,7,71,0,1
37,638,283,921,8,98.71,1,119,7,86,0,0
34,749,343,1092,9,77.77,1,99,16,4,1,1
16,454,62,516,8,82.25,1,153,18,11,0,1
5,672,129,801,3,81.5,0,141,1,19,0,0
37,110,338,448,9,66.72,1,153,17,71,0,1
36,703,16,719,3,95.18,1,64,14,19,0,1
23,451,380,831,5,66.71,1,181,17,1,1,1
39,177,354,531,0,61.6,1,17,2,30,0,1
1,49,61,110,9,41.9,1,27,1,32,0,1
25,575,55,630,5,42.54,0,134,7,35,0,1
2,344,276,620,9,78.95,0,118,17,46,0,1
37,248,4,252,3,46.78,0,115,10,21,0,1
27,312,202,514,3,78.3,1,182,14,2,1,1
36,792,26,818,5,96.22,1,175,5,9,0,0
22,342,212,554,8,55.14,1,146,7,66,0,0
4,63,140,203,5,27.79,1,41,17,59,0,0
2,223,282,505,7,73.32,1,28,10,23,0,0
14,116,352,468,2,20.76,0,36,15,84,0,1
29,548,195,743,7,82.96,0,126,13,48,0,1
6,640,256,896,7,62.05,0,145,4,71,0,0
34,672,240,912,8,59.18,0,161,18,71,0,0
10,506,393,899,0,65.56,1,29,18,27,0,1
20,614,92,706,3,61.31,1,62,15,53,0,0
8,333,95,428,0,45.9,0,74,9,53,0,0
19,502,151,653,4,42.52,1,130,9,41,0,1
18,85,294,379,7,53.22,0,18,6,57,0,0
1,430,346,776,6,91.59,0,169,13,30,0,1
23,445,111,556,7,30.83,1,25,6,8,0,0
31,24,43,67,7,45.98,1,109,4,4,1,1
37,438,243,681,9,35.38,0,187,2,40,0,1
13,578,239,817,8,54.17,0,46,9,82,0,1
35,294,149,443,5,30.68,0,140,16,19,0,1
35,435,73,508,8,80.86,0,114,16,53,0,0
39,228,339,567,0,28.28,0,165,17,14,0,0
15,216,338,554,7,73.22,1,121,12,56,0,1
34,103,299,402,5,41.42,0,171,17,16,0,0
23,262,231,493,9,57.78,1,86,15,39,0,1
3,642,104,746,5,36.0,0,41,16,72,0,1
11,748,161,909,1,78.42,0,139,10,33,0,1
27,508,27,535,7,95.86,0,193,2,84,0,0
7,499,99,598,9,37.74,0,92,8,4,1,1
17,491,180,671,0,96.25,0,165,17,7,0,0
31,380,174,554,0,46.02,0,176,15,15,0,0
6,338,32,370,6,64.63,1,132,1,21,0,0
20,496,383,879,5,76.13,1,160,2,38,0,1
9,627,107,734,5,35.94,0,116,13,82,0,1
21,330,203,533,0,55.58,1,162,19,21,0,1
10,452,186,638,5,25.43,1,73,14,32,0,1
38,376,187,563,5,75.76,1,109,19,3,1,1
3,228,338,566,8,53.33,1,24,2,64,0,0
38,232,298,530,3,91.33,1,47,17,49,0,1
31,63,347,410,3,41.92,1,120,3,4,1,1
34,351,151,502,0,93.89,0,147,17,41,0,0
34,569,106,675,5,31.28,1,15,19,19,0,1
8,548,170,718,6,68.56,0,23,10,37,0,1
37,788,224,1012,2,44.62,0,11,11,25,0,1
24,31,134,165,7,34.54,1,108,10,70,0,0
38,608,184,792,9,27.51,0,73,11,5,1,1
35,636,60,696,1,72.45,1,20,16,53,0,0
23,349,233,582,5,38.65,0,160,6,71,0,0
15,226,285,511,6,65.83,0,110,6,0,1,0
5,285,210,495,0,98.35,0,11,19,81,0,0
4,546,349,895,1,45.28,1,140,17,68,0,0
16,689,398,1087,3,22.8,1,183,11,25,0,0
32,514,362,876,1,31.43,1,89,4,43,0,1
20,411,37,448,3,29.55,0,190,19,61,0,1
19,522,352,874,1,57.06,0,89,17,46,0,0
10,56,133,189,8,79.57,0,24,7,68,0,0
23,486,180,666,5,43.72,0,33,11,80,0,0
25,33,164,197,3,31.67,0,22,8,32,0,0
39,767,113,880,7,71.26,1,67,17,9,0,1
29,711,350,1061,0,44.09,0,83,14,38,0,1
24,406,255,661,5,66.01,0,94,10,53,0,0
36,299,386,685,6,94.7,0,101,19,69,0,0
17,585,381,966,8,43.31,0,174,12,25,0,1
37,510,167,677,2,61.0,0,12,10,83,0,1
15,564,290,854,5,84.54,1,180,18,3,1,1
5,412,200,612,7,75.34,1,55,9,52,0,1
17,189,197,386,7,80.12,1,191,8,39,0,0
6,58,295,353,1,81.81,0,35,8,62,0,1
5,226,275,501,9,63.19,0,29,5,25,0,0
35,423,364,787,2,62.88,0,33,6,83,0,0
31,339,309,648,3,77.51,0,66,2,0,1,1
9,405,248,653,1,75.81,1,188,14,73,0,0
33,222,367,589,1,73.6,0,97,12,44,0,0
3,750,40,790,2,50.57,1,41,18,46,0,0
12,293,305,598,1,86.28,0,131,12,28,0,0
28,676,156,832,7,38.9,0,106,2,35,0,1
12,312,173,485,5,32.46,1,143,12,39,0,1
29,354,312,666,3,47.61,1,150,4,27,0,1
35,483,109,592,5,40.31,1,159,1,1,1,0
3,210,353,563,6,73.05,1,38,13,36,0,0
1,175,199,374,1,38.48,0,104,1,36,0,1
37,303,139,442,2,72.52,0,129,8,64,0,0
21,643,131,774,8,61.06,1,115,18,42,0,1
20,115,168,283,0,32.2,0,194,5,49,0,0
19,350,377,727,9,40.67,0,192,14,41,0,1
17,537,41,578,9,61.74,0,164,8,38,0,1
27,564,203,767,2,78.65,1,55,3,64,0,0
23,347,334,681,3,51.86,1,110,4,60,0,0
7,65,188,253,2,38.63,1,162,2,89,0,0
25,12,226,238,5,43.61,1,60,3,44,0,1
27,375,139,514,2,27.61,0,145,4,2,1,1
5,648,54,702,7,22.01,1,57,17,52,0,1
15,22,255,277,3,97.85,0,36,16,35,0,0
31,709,367,1076,9,27.71,0,55,7,8,0,1
25,540,208,748,8,29.99,1,186,14,77,0,1
6,6,172,178,4,89.68,0,199,4,56,0,0
2,274,51,325,5,73.08,0,172,13,56,0,0
23,176,377,553,0,54.89,1,61,4,57,0,0
19,759,347,1106,0,71.92,0,158,13,88,0,0
38,443,360,803,5,94.8,1,51,7,61,0,0
21,259,143,402,4,27.95,0,34,17,64,0,1
37,222,250,472,3,39.5,1,59,16,67,0,1
9,451,173,624,0,88.82,0,36,7,65,0,0
18,4,93,97,8,82.45,1,131,1,63,0,0
6,205,82,287,4,99.54,1,139,7,6,1,0
23,132,153,285,4,45.11,0,16,6,36,0,0
8,496,221,717,4,95.59,0,30,9,24,0,0
20,535,48,583,4,47.5,0,101,11,80,0,0
14,373,280,653,6,77.21,0,31,19,52,0,1
8,112,183,295,7,90.62,0,167,2,46,0,0
4,296,352,648,5,33.66,0,86,11,47,0,1
20,674,111,785,1,36.45,0,88,4,61,0,0
37,162,20,182,8,66.48,1,11,11,68,0,0
8,130,124,254,2,87.51,1,143,13,18,0,0
16,89,389,478,0,26.32,1,147,16,89,0,0
9,653,128,781,0,88.07,1,153,11,68,0,0
32,95,281,376,7,47.45,1,112,4,18,0,1
17,465,337,802,3,52.5,0,61,18,54,0,0
39,799,113,912,0,47.19,1,24,8,38,0,1
10,513,257,770,8,92.92,0,69,10,33,0,1
4,329,81,410,3,30.46,1,113,13,78,0,1
23,165,144,309,9,65.94,1,32,6,25,0,1
26,1,118,119,8,31.85,0,20,19,75,0,1
39,124,268,392,0,94.29,0,51,1,57,0,0
34,762,350,1112,6,83.83,0,23,3,73,0,1
35,114,100,214,6,38.71,0,12,19,67,0,1
25,15,116,131,1,43.82,0,102,9,55,0,0
15,652,328,980,3,50.52,0,151,17,17,0,0
17,334,185,519,4,52.43,0,104,18,89,0,0
6,285,205,490,1,85.39,0,27,19,57,0,0
17,573,282,855,7,65.16,1,74,14,32,0,1
15,418,55,473,2,54.24,0,16,13,23,0,0
2,731,348,1079,9,77.56,0,128,12,10,0,0
8,374,146,520,8,56.63,1,54,13,28,0,1
21,570,263,833,6,30.26,1,83,5,11,0,1
15,703,172,875,1,28.6,0,181,16,79,0,1
39,370,301,671,0,46.08,0,121,4,39,0,0
19,227,244,471,1,68.23,0,155,10,56,0,0
38,779,69,848,4,30.79,0,76,8,72,0,1
26,181,75,256,7,64.01,1,186,15,86,0,1
2,31,350,381,1,41.57,0,145,5,40,0,0
8,462,207,669,7,75.63,0,107,4,4,1,0
28,789,110,899,0,22.26,0,120,16,55,0,0
22,69,57,126,2,57.52,1,128,10,85,0,0
12,679,51,730,5,24.18,0,40,14,32,0,0
21,664,367,1031,8,46.44,0,57,17,9,0,1
36,743,390,1133,7,21.25,1,140,16,64,0,1
16,337,157,494,5,57.53,1,93,8,55,0,1
2,203,80,283,0,81.36,0,158,4,13,0,0
13,409,167,576,2,28.02,1,109,19,0,1,1
37,113,54,167,7,78.82,1,22,6,46,0,0
30,674,219,893,0,66.74,0,136,15,13,0,0
33,530,250,780,7,60.37,1,125,15,16,0,1
36,386,394,780,7,67.96,0,79,9,27,0,1
5,412,127,539,7,46.87,0,160,4,42,0,0
12,569,79,648,2,76.83,1,76,9,73,0,0
3,418,53,471,2,82.37,1,31,3,38,0,0
1,671,150,821,1,82.26,0,33,7,75,0,1
33,739,240,979,3,41.56,0,181,8,54,0,1
37,759,26,785,5,72.31,0,81,10,35,0,1
7,496,303,799,1,31.85,0,88,4,45,0,1
29,594,184,778,5,59.63,0,68,17,12,0,0
21,248,317,565,2,20.21,0,150,2,87,0,1
3,30,185,215,5,35.49,0,125,19,27,0,0
36,320,62,382,3,70.54,1,180,6,81,0,1
34,697,8,705,9,89.95,1,179,10,58,0,0
23,106,222,328,3,23.92,1,198,17,26,0,1
28,436,215,651,8,64.68,0,72,13,43,0,1
16,153,325,478,1,70.94,1,120,2,10,0,0
31,343,350,693,0,94.59,1,75,12,55,0,0
18,114,64,178,1,72.41,1,143,11,5,1,0
39,587,125,712,4,28.24,1,152,18,57,0,1
3,648,83,731,9,31.74,0,57,11,17,0,1
7,606,42,648,1,70.86,1,173,19,11,0,0
38,563,0,563,7,37.25,1,65,11,19,0,1
12,188,32,220,6,94.26,0,196,4,8,0,0
13,424,209,633,3,93.65,1,171,10,79,0,1
31,83,60,143,3,95.89,0,13,18,84,0,0
8,299,77,376,9,43.44,0,85,1,83,0,1
21,404,47,451,7,77.36,0,83,8,64,0,0
12,534,289,823,2,73.04,0,166,1,20,0,1
8,77,254,331,9,22.85,1,147,16,68,0,0
38,650,384,1034,4,41.25,0,19,10,68,0,1
8,367,44,411,0,36.54,0,169,14,21,0,0
4,704,83,787,8,49.66,0,51,19,75,0,0
27,421,182,603,8,96.24,1,80,16,89,0,0
34,437,259,696,4,87.65,1,42,8,33,0,0
5,554,52,606,7,43.47,0,39,18,52,0,1
28,655,84,739,2,62.4,0,110,9,78,0,0
22,126,168,294,8,35.38,0,26,19,23,0,1
33,409,7,416,3,42.19,0,25,19,88,0,0
5,23,158,181,2,25.2,0,159,5,27,0,0
39,379,303,682,5,71.41,1,75,15,87,0,1
25,650,210,860,2,72.55,1,133,14,21,0,0
33,692,173,865,6,87.08,1,197,15,66,0,0
15,226,195,421,7,89.72,0,19,4,47,0,0
37,309,378,687,4,32.8,1,160,10,33,0,0
25,441,208,649,7,79.44,0,30,3,39,0,0
5,316,213,529,4,30.78,1,154,18,20,0,1
36,142,372,514,9,49.9,1,68,17,60,0,1
32,243,62,305,2,61.24,1,35,12,89,0,0
12,323,38,361,7,23.96,0,53,3,52,0,1
22,414,179,593,5,32.54,0,79,13,24,0,1
16,736,127,863,9,41.69,0,148,9,60,0,0
22,435,81,516,2,30.2,1,139,15,39,0,1
38,309,47,356,1,94.73,1,148,2,82,0,0
36,528,351,879,8,43.07,0,14,8,23,0,1
9,618,245,863,9,60.09,1,195,7,46,0,0
38,344,276,620,7,99.72,0,92,19,44,0,1
18,391,47,438,4,65.33,0,31,6,79,0,0
28,174,136,310,4,52.92,1,186,19,9,0,0
30,691,248,939,6,94.38,1,160,18,55,0,0
19,693,211,904,7,37.8,1,25,12,72,0,0
18,139,277,416,2,34.36,1,93,4,32,0,0
18,276,267,543,0,62.83,1,182,5,45,0,1
34,217,165,382,0,54.18,1,139,1,26,0,1
16,738,313,1051,3,83.76,0,46,15,37,0,0
11,52,103,155,6,23.36,1,143,14,85,0,1
15,165,32,197,4,69.42,1,45,7,32,0,0
8,251,365,616,6,76.85,1,76,14,18,0,0
16,448,9,457,4,97.75,0,47,11,52,0,0
5,199,113,312,2,31.66,1,141,16,42,0,0
4,429,45,474,7,39.7,0,186,2,70,0,1
29,597,92,689,7,94.6,0,18,4,3,1,1
4,662,157,819,9,70.45,0,124,16,81,0,0
23,79,51,130,8,23.04,0,57,8,63,0,0
31,111,186,297,3,26.19,0,152,19,75,0,0
29,76,370,446,7,82.84,0,36,17,36,0,1
18,727,54,781,3,65.4,0,79,2,40,0,0
8,521,370,891,8,65.23,0,49,8,30,0,1
37,425,164,589,6,90.39,1,175,14,75,0,1
33,632,236,868,8,39.29,1,25,3,6,1,0
24,468,176,644,2,32.83,0,120,17,47,0,1
4,188,126,314,0,69.1,0,32,2,23,0,1
2,408,43,451,1,90.59,1,123,3,57,0,0
13,562,237,799,5,41.22,1,155,11,86,0,0
7,28,366,394,9,74.5,1,152,5,60,0,1
34,485,208,693,6,32.19,0,16,13,3,1,1
9,397,239,636,8,33.75,0,156,8,35,0,1
12,55,257,312,4,92.12,0,66,6,2,1,0
39,210,155,365,9,29.44,1,139,16,43,0,1
32,358,48,406,9,21.95,0,193,4,15,0,1
9,274,202,476,2,82.0,0,32,10,62,0,0
15,232,347,579,8,49.0,0,78,4,48,0,1
21,519,125,644,0,51.73,1,174,3,27,0,1
26,323,348,671,5,83.99,1,36,4,77,0,0
37,398,341,739,4,34.39,0,59,5,67,0,1
34,638,97,735,3,72.03,1,114,8,56,0,1
39,74,230,304,9,45.08,0,199,9,31,0,1
2,287,299,586,6,28.34,1,65,3,24,0,1
10,58,197,255,1,75.0,0,83,1,52,0,1
22,741,279,1020,1,45.49,1,161,2,71,0,1
2,148,364,512,1,89.33,1,32,12,75,0,1
14,655,250,905,3,93.52,0,72,19,69,0,0
6,152,335,487,0,87.92,0,70,1,2,1,0
37,259,320,579,2,45.79,0,86,1,88,0,0
3,486,325,811,7,38.93,1,118,15,21,0,1
6,665,340,1005,8,91.42,1,52,14,0,1,1
8,142,90,232,7,56.24,0,84,14,50,0,0
6,170,7,177,4,76.62,0,184,4,40,0,0
23,705,61,766,6,86.17,1,167,17,9,0,0
15,257,99,356,9,42.21,1,191,12,19,0,1
36,167,276,443,0,29.53,0,139,3,18,0,1
11,594,203,797,9,69.99,0,120,3,39,0,1
21,72,187,259,7,67.22,0,50,12,67,0,0
26,693,3,696,3,41.62,0,40,15,61,0,0
25,700,273,973,4,66.78,0,112,15,2,1,1
32,685,145,830,4,83.23,0,86,12,15,0,1
8,236,304,540,1,48.0,0,159,10,54,0,0
20,91,45,136,2,39.39,0,11,14,72,0,1
32,340,118,458,2,78.0,1,179,3,3,1,1
34,267,21,288,0,82.87,0,42,7,30,0,0
25,767,113,880,5,96.34,1,85,2,10,0,1
26,505,369,874,4,31.81,1,77,16,43,0,1
34,755,196,951,3,91.14,0,185,12,35,0,1
25,600,175,775,1,81.21,1,146,15,15,0,0
38,571,109,680,9,76.15,0,16,10,86,0,0
5,89,105,194,6,45.04,1,172,18,68,0,1
14,55,266,321,4,21.78,0,138,18,49,0,0
5,37,394,431,7,60.6,1,22,12,68,0,1
4,474,298,772,3,42.86,1,158,16,28,0,1
19,161,294,455,2,43.19,0,16,13,84,0,0
9,791,188,979,6,94.17,1,90,14,37,0,0
16,106,39,145,7,32.24,1,40,5,34,0,1
18,757,289,1046,6,94.74,1,12,19,51,0,1
25,534,323,857,5,60.3,0,116,4,52,0,1
37,84,204,288,0,87.06,1,140,14,55,0,1
34,46,36,82,6,42.69,1,101,12,74,0,0
15,316,285,601,6,70.71,0,75,2,24,0,0
13,271,368,639,4,64.53,0,107,15,63,0,0
31,252,89,341,2,93.93,0,38,2,17,0,0
5,422,63,485,9,34.34,0,19,10,21,0,1
22,103,295,398,3,36.37,1,39,16,44,0,1
17,103,132,235,2,95.92,1,20,3,47,0,1
8,555,286,841,7,27.84,0,156,7,58,0,1
25,792,281,1073,4,70.77,0,125,10,12,0,1
13,219,106,325,5,24.85,0,45,18,73,0,0
8,745,16,761,6,26.16,1,118,8,50,0,1
26,275,222,497,3,67.77,0,101,3,53,0,0
7,268,163,431,1,64.11,1,31,3,67,0,0
27,72,342,414,1,65.84,1,194,4,62,0,0
7,338,143,481,9,57.89,0,188,17,38,0,0
17,398,99,497,5,79.39,1,154,15,43,0,1
32,531,344,875,4,99.38,1,163,8,20,0,1
9,126,294,420,3,42.06,1,113,17,51,0,0
30,150,247,397,7,45.88,1,162,18,18,0,1
29,345,381,726,9,45.84,0,110,17,57,0,1
36,55,313,368,7,81.06,1,41,1,37,0,1
7,114,346,460,5,47.84,0,41,2,21,0,0
28,503,319,822,4,74.14,1,172,14,42,0,1
37,763,160,923,8,55.67,0,94,8,84,0,1
30,458,24,482,8,68.62,1,148,4,50,0,1
8,115,242,357,3,86.32,1,37,13,31,0,0
33,792,305,1097,9,61.12,1,95,7,40,0,1
5,417,396,813,8,58.01,0,25,18,54,0,1
23,573,272,845,8,41.36,0,51,11,13,0,1
20,157,227,384,0,61.27,1,30,5,50,0,1
21,462,230,692,1,40.99,1,49,18,3,1,0
21,61,46,107,2,87.49,1,125,12,76,0,1
2,500,2,502,7,51.11,1,11,6,54,0,0
20,161,18,179,0,30.33,1,46,3,10,0,1
37,727,361,1088,0,39.2,0,141,11,41,0,1
18,43,316,359,0,62.77,1,38,15,79,0,0
11,522,104,626,1,93.3,1,115,16,86,0,0
39,111,169,280,9,44.04,0,174,3,12,0,1
4,549,193,742,7,41.15,0,158,9,24,0,1
19,394,98,492,7,52.52,1,33,19,13,0,0
20,773,169,942,2,97.42,0,38,13,33,0,1
19,521,139,660,6,87.62,0,144,2,77,0,0
36,297,277,574,7,31.97,1,75,18,63,0,1
17,69,302,371,5,69.1,1,89,14,23,0,1
38,476,39,515,8,83.35,0,100,9,29,0,0
3,352,186,538,5,81.44,1,120,15,55,0,1
29,42,396,438,3,59.11,0,95,13,53,0,0
24,464,347,811,6,78.55,1,14,5,41,0,1
10,167,317,484,9,66.69,1,27,16,37,0,0
9,187,293,480,8,36.12,0,10,5,84,0,0
29,7,1,8,4,24.48,0,60,5,45,0,1
25,297,389,686,5,49.56,1,165,12,70,0,0
24,174,294,468,9,24.96,0,194,1,86,0,1
2,57,355,412,7,51.6,1,100,12,30,0,0
24,347,363,710,5,86.31,0,15,11,70,0,1
39,176,101,277,2,87.54,1,23,14,73,0,1
1,107,5,112,9,22.73,1,164,4,19,0,1
19,373,263,636,9,25.56,1,75,12,20,0,1
20,50,183,233,0,73.59,1,177,9,14,0,0
35,792,8,800,0,60.0,1,106,4,55,0,0
12,376,108,484,1,31.95,0,177,9,68,0,0
19,797,396,1193,3,84.44,0,35,18,67,0,0
28,705,145,850,1,37.32,0,173,16,34,0,0
3,783,104,887,8,26.25,0,113,4,63,0,1
32,434,261,695,9,79.96,1,93,17,2,1,1
33,338,265,603,1,68.65,0,110,11,59,0,0
29,575,132,707,8,51.56,1,72,1,42,0,1
26,64,339,403,1,75.42,1,124,18,74,0,0
30,672,232,904,7,92.91,1,156,10,87,0,1
31,258,64,322,3,22.73,1,163,18,50,0,1
36,5,129,134,0,70.21,0,195,2,55,0,0
17,190,339,529,4,37.45,0,88,4,83,0,1
18,193,35,228,8,57.93,0,156,18,30,0,0
25,11,4,15,9,53.92,0,178,5,13,0,0
8,534,262,796,1,51.2,0,13,11,45,0,0
34,76,176,252,8,35.23,1,100,12,32,0,1
31,677,101,778,2,84.21,0,143,19,57,0,1
25,362,188,550,4,50.36,1,96,7,70,0,1
12,574,73,647,1,90.98,0,29,15,45,0,0
14,271,149,420,9,48.37,1,134,14,27,0,1
17,105,93,198,7,87.18,0,87,14,50,0,0
26,144,234,378,6,63.56,0,127,10,39,0,1
31,516,269,785,7,50.85,0,10,2,16,0,1
27,572,365,937,8,76.32,1,12,6,69,0,1
37,214,27,241,1,82.93,1,124,11,29,0,1
38,285,130,415,2,58.62,0,196,8,48,0,1
28,756,105,861,0,54.03,1,131,4,81,0,0
15,681,231,912,4,66.19,0,189,14,16,0,1
24,330,213,543,4,66.81,0,170,9,38,0,1
17,192,350,542,0,54.04,1,63,15,15,0,1
25,241,367,608,6,80.61,1,29,11,39,0,0
32,430,309,739,0,51.98,0,116,8,27,0,1
15,453,79,532,7,56.24,1,127,3,82,0,1
20,147,16,163,7,68.43,1,156,2,27,0,0
2,52,359,411,8,98.95,1,108,10,55,0,1
29,396,377,773,1,40.85,0,184,7,12,0,0
20,637,100,737,8,38.56,1,170,14,41,0,1
18,121,18,139,5,34.15,0,121,12,75,0,0
21,326,272,598,8,75.16,1,114,6,60,0,1
9,129,235,364,6,55.93,1,13,15,25,0,1
24,193,355,548,6,51.09,1,158,11,87,0,0
30,489,230,719,0,36.33,0,139,17,72,0,1
14,228,304,532,6,91.29,1,180,19,36,0,0
6,211,314,525,4,55.45,0,27,19,87,0,1
16,796,3,799,8,68.62,1,37,3,16,0,1
8,137,59,196,6,29.0,0,137,11,29,0,1
15,151,312,463,0,28.64,1,102,1,83,0,0
25,743,71,814,8,25.39,0,121,17,87,0,1
5,440,82,522,0,49.39,1,92,14,74,0,0
30,34,300,334,2,57.83,1,131,5,17,0,0
9,339,81,420,2,39.57,1,135,12,19,0,0
35,452,59,511,9,47.97,0,45,11,58,0,0
29,202,5,207,1,20.5,0,154,11,5,1,1
11,438,187,625,8,48.09,1,103,11,89,0,1
22,518,254,772,2,29.53,1,119,19,84,0,1
5,200,292,492,6,30.27,1,127,15,72,0,1
4,649,362,1011,0,20.36,0,151,8,87,0,0
38,362,260,622,3,75.71,1,67,15,20,0,1
32,770,302,1072,6,94.5,0,11,3,79,0,0
7,70,84,154,7,69.72,0,44,6,23,0,0
12,259,136,395,8,27.7,0,193,3,10,0,1
8,577,121,698,8,99.17,1,52,17,23,0,1
16,715,26,741,5,98.05,1,57,1,69,0,0
12,177,387,564,3,57.46,1,173,17,84,0,0
13,784,96,880,2,28.63,0,54,16,55,0,1
21,154,179,333,9,77.66,0,98,19,22,0,0
8,332,142,474,6,96.92,0,80,15,54,0,0
35,251,17,268,9,82.3,1,135,9,45,0,1
29,339,361,700,4,69.94,1,122,16,46,0,1
30,721,87,808,4,68.87,0,107,19,31,0,0
7,586,40,626,8,98.23,1,105,17,12,0,1
28,637,136,773,7,25.85,0,168,15,32,0,1
33,203,57,260,2,31.96,0,120,15,80,0,1
7,757,399,1156,5,86.46,1,106,13,36,0,1
30,348,75,423,2,31.61,1,178,17,1,1,1
14,521,121,642,7,50.66,0,27,9,31,0,1
31,558,108,666,0,42.52,1,168,10,41,0,0
19,530,10,540,8,39.48,0,47,17,53,0,1
32,481,5,486,9,22.06,1,73,5,57,0,1
6,384,205,589,0,65.3,0,12,15,38,0,1
16,518,93,611,6,52.1,0,118,3,12,0,1
11,724,33,757,0,64.13,0,167,12,39,0,0
10,311,116,427,3,44.36,1,82,1,0,1,1
13,408,109,517,3,95.32,1,136,19,45,0,1
15,144,169,313,5,67.31,1,84,16,40,0,1
5,284,396,680,9,96.9,0,154,5,32,0,0
28,617,122,739,4,48.0,1,199,3,59,0,1
22,512,281,793,3,20.18,1,145,13,67,0,1
33,168,307,475,0,82.5,0,74,18,23,0,0
28,436,20,456,8,86.19,1,166,7,45,0,1
6,649,200,849,3,24.7,0,17,19,45,0,1
3,99,179,278,4,70.03,0,197,9,45,0,1
17,49,203,252,0,72.88,0,169,9,36,0,0
19,314,68,382,2,31.66,0,134,7,18,0,1
10,525,186,711,5,64.2,1,127,6,15,0,0
31,250,49,299,9,39.46,0,57,7,2,1,1
23,656,378,1034,3,21.32,1,91,4,4,1,1
30,677,234,911,5,89.35,1,29,8,72,0,1
5,426,13,439,8,59.34,1,74,6,6,1,0
32,303,202,505,3,82.54,0,122,2,76,0,0
9,33,370,403,2,77.83,0,78,7,80,0,0
18,657,297,954,0,99.5,0,156,1,21,0,0
18,716,109,825,9,55.04,1,172,4,39,0,1
33,353,356,709,1,54.2,1,116,14,32,0,1
11,413,74,487,2,42.54,1,74,1,35,0,1
10,602,98,700,1,70.01,0,67,6,32,0,1
14,556,61,617,7,58.89,1,113,13,30,0,1
15,108,369,477,3,78.3,0,146,1,61,0,0
8,537,286,823,7,48.52,0,34,15,37,0,1
7,739,207,946,6,30.47,1,95,2,16,0,1
10,600,267,867,0,88.99,0,93,2,34,0,1
19,384,103,487,3,86.24,1,64,4,88,0,1
14,418,28,446,0,48.08,0,55,17,88,0,0
16,207,338,545,0,75.23,0,169,1,5,1,1
29,528,385,913,4,59.39,0,92,2,51,0,1
10,193,14,207,2,80.88,0,119,18,87,0,0
36,273,20,293,0,51.21,1,17,12,17,0,1
30,212,223,435,4,62.85,0,63,11,6,1,1
7,268,17,285,4,24.63,1,52,1,19,0,1
13,293,288,581,9,33.99,0,72,8,28,0,0
8,66,378,444,6,82.54,0,169,11,84,0,0
11,574,111,685,3,50.53,0,118,11,22,0,0
15,352,117,469,4,22.81,1,181,10,29,0,0
6,759,345,1104,0,33.41,0,90,3,23,0,0
1,144,142,286,3,52.93,0,156,19,35,0,0
18,535,96,631,5,77.43,1,40,14,89,0,0
28,143,33,176,0,49.08,0,164,5,7,0,0
12,437,335,772,9,79.61,1,125,19,41,0,1
34,392,370,762,5,88.64,0,17,6,55,0,0
15,358,31,389,7,47.29,1,140,3,10,0,1
36,523,321,844,2,84.03,0,101,17,3,1,1
10,662,63,725,8,30.15,1,10,3,88,0,1
22,253,55,308,3,53.22,0,170,2,24,0,1
30,679,152,831,9,27.8,0,112,12,21,0,0
3,147,174,321,5,24.2,1,125,6,31,0,0
37,234,341,575,6,25.16,0,119,3,6,1,1
15,248,279,527,2,28.38,0,27,2,13,0,1
20,762,57,819,9,86.86,1,73,3,2,1,1
25,94,233,327,1,63.49,1,143,19,48,0,0
26,316,350,666,0,95.79,0,74,13,41,0,0
1,339,264,603,4,63.04,1,178,17,24,0,0
34,640,91,731,8,70.3,0,70,12,82,0,1
25,388,51,439,9,34.76,0,97,11,27,0,1
39,773,181,954,8,63.25,1,94,5,1,1,1
19,592,188,780,5,50.82,0,13,19,8,0,0
24,562,141,703,9,94.51,0,164,16,65,0,0
18,602,43,645,4,94.71,1,35,11,47,0,0
35,129,47,176,4,35.88,0,99,2,23,0,1
33,359,211,570,1,69.61,1,182,15,22,0,0
36,468,377,845,7,71.05,1,198,7,19,0,1
20,166,239,405,3,65.0,0,53,4,37,0,0
31,95,175,270,1,29.95,1,81,15,63,0,0
14,108,372,480,3,72.32,1,117,16,57,0,0
18,631,276,907,6,83.93,1,142,12,67,0,0
30,525,287,812,2,47.62,0,57,2,3,1,1
4,225,230,455,3,61.16,0,114,12,50,0,1
28,589,305,894,3,29.31,0,168,18,68,0,0
1,556,200,756,5,94.46,1,154,14,18,0,0
23,653,248,901,7,28.76,1,166,6,52,0,1
19,728,246,974,6,36.67,1,178,13,0,1,1
19,705,301,1006,1,43.88,1,173,5,81,0,0
20,144,359,503,3,86.06,0,107,17,66,0,1
20,615,117,732,6,76.05,1,195,17,56,0,0
16,314,279,593,2,20.56,1,103,11,53,0,0
18,322,12,334,0,34.68,1,144,3,60,0,0
23,517,212,729,3,80.01,1,189,8,38,0,0
30,481,359,840,6,52.31,1,18,3,87,0,1
22,335,258,593,6,22.1,1,187,15,19,0,1
26,799,107,906,1,97.11,0,166,13,72,0,0
33,139,242,381,6,32.1,0,199,5,68,0,1
39,77,143,220,1,60.84,0,156,17,75,0,0
5,23,173,196,7,39.87,1,39,15,6,1,1
28,651,91,742,5,79.0,0,67,18,40,0,0
9,325,249,574,1,82.14,0,10,6,57,0,1
8,349,79,428,3,51.78,0,125,4,55,0,0
31,519,177,696,8,72.68,0,93,10,61,0,1
3,348,375,723,4,92.73,1,100,6,57,0,0
34,459,303,762,6,85.18,0,149,15,20,0,1
31,46,165,211,7,53.19,0,165,9,74,0,1
39,124,387,511,0,55.32,0,23,12,43,0,1
27,745,5,750,9,90.95,0,184,4,87,0,0
35,360,383,743,3,22.75,0,80,2,46,0,1
5,133,140,273,7,21.82,0,152,18,48,0,1
35,295,328,623,4,36.46,1,120,9,53,0,1
7,267,379,646,5,86.21,0,94,3,78,0,0
13,219,240,459,3,32.26,1,50,16,81,0,0
5,234,244,478,8,42.82,0,46,3,52,0,0
16,583,299,882,1,70.33,0,148,19,49,0,1
30,85,95,180,8,34.74,0,71,8,4,1,1
11,247,71,318,2,44.25,1,53,9,6,1,1
33,374,137,511,8,57.35,0,11,5,66,0,1
24,432,191,623,0,38.25,1,169,2,31,0,1
25,704,297,1001,0,99.39,1,85,8,39,0,1
37,738,102,840,0,33.08,0,76,7,56,0,0
17,237,225,462,5,87.99,0,80,9,19,0,0
14,431,1,432,2,57.61,1,123,10,29,0,0
39,17,12,29,5,30.33,0,101,12,3,1,1
22,493,386,879,8,29.48,1,113,2,69,0,1
24,122,340,462,0,60.02,0,62,7,45,0,1
12,58,345,403,5,48.28,1,66,17,17,0,1
9,537,131,668,7,38.77,1,173,19,53,0,0
7,142,205,347,4,96.72,1,93,11,12,0,0
9,381,269,650,9,57.07,1,194,7,70,0,0
8,80,101,181,6,94.3,1,170,8,20,0,0
30,596,297,893,0,33.12,1,145,15,24,0,1
3,611,277,888,5,34.68,1,114,8,78,0,1
25,459,162,621,3,67.68,0,169,18,66,0,1
38,668,173,841,1,41.59,0,20,1,61,0,1
30,349,122,471,9,34.8,1,104,12,54,0,1
16,149,321,470,2,27.57,0,145,10,46,0,0
3,121,394,515,0,26.1,0,30,9,17,0,0
33,175,399,574,2,80.25,1,44,10,27,0,1
1,160,308,468,8,42.57,0,22,4,86,0,0
27,258,139,397,5,98.27,0,102,7,82,0,0
27,171,312,483,8,34.65,1,112,7,65,0,1
8,472,97,569,4,48.36,0,99,13,79,0,0
29,118,358,476,1,49.99,1,20,12,72,0,0
7,497,106,603,3,60.01,0,102,8,35,0,0
9,267,161,428,1,89.65,0,178,10,64,0,0
32,549,37,586,5,86.78,1,15,11,67,0,0
39,410,32,442,2,20.8,0,157,1,12,0,1
11,724,157,881,9,52.74,1,61,17,82,0,1
36,351,220,571,3,86.23,1,24,17,44,0,1
36,236,6,242,3,20.02,0,19,7,28,0,0
31,471,338,809,9,62.69,1,12,15,42,0,1
6,527,45,572,5,40.76,0,88,8,29,0,0
12,351,399,750,1,53.02,1,104,2,29,0,1
27,447,108,555,4,53.62,0,128,17,49,0,0
39,376,151,527,2,51.34,1,25,6,89,0,0
32,244,63,307,7,91.36,0,134,7,36,0,1
17,250,329,579,5,62.92,1,150,11,19,0,1
10,725,292,1017,7,92.3,1,22,9,68,0,1
38,540,31,571,9,78.14,0,138,6,26,0,1
11,76,42,118,7,48.09,0,32,16,48,0,0
14,769,243,1012,3,59.49,0,93,7,22,0,0
38,569,346,915,2,51.19,1,135,12,19,0,1
22,40,43,83,5,86.29,1,175,13,22,0,0
11,582,88,670,4,35.01,0,110,18,32,0,0
1,471,218,689,3,94.91,0,92,10,86,0,0
17,732,43,775,8,66.43,0,168,9,60,0,0
39,391,121,512,9,68.94,0,51,18,62,0,1
17,414,4,418,3,61.34,1,48,10,4,1,0
28,251,199,450,6,64.36,1,98,6,0,1,0
10,257,286,543,9,73.41,0,32,1,30,0,1
31,494,164,658,0,72.4,0,14,7,79,0,0
31,662,102,764,3,37.13,0,78,4,1,1,0
24,712,169,881,7,66.6,0,38,6,68,0,1
31,616,203,819,4,48.37,0,131,11,73,0,1
23,487,66,553,7,70.96,1,114,10,25,0,1
15,400,44,444,4,63.83,1,102,4,10,0,0
29,271,72,343,0,34.37,1,104,9,13,0,1
33,614,394,1008,4,78.78,0,28,9,6,1,1
33,254,289,543,4,56.56,0,86,1,75,0,0
9,214,50,264,8,64.12,1,23,6,70,0,0
27,694,120,814,1,73.81,0,77,14,60,0,0
1,471,164,635,1,72.23,1,138,1,8,0,0
23,283,72,355,1,79.91,1,197,6,85,0,0
23,692,340,1032,5,36.54,1,66,10,61,0,1
15,770,376,1146,9,28.83,0,60,4,74,0,1
39,254,97,351,6,73.53,1,137,13,34,0,0
35,417,6,423,8,38.88,0,184,14,17,0,1
2,386,106,492,8,29.17,1,66,7,73,0,0
9,561,233,794,6,30.5,0,169,5,4,1,0
9,760,323,1083,6,45.02,1,69,15,16,0,1
36,438,135,573,2,99.34,0,131,5,13,0,0
21,638,109,747,9,32.58,0,49,3,7,0,1
29,476,99,575,7,43.88,0,59,1,49,0,1
32,709,1,710,8,93.66,1,196,2,20,0,1
30,323,5,328,9,97.06,0,83,17,86,0,0
4,308,171,479,3,38.31,1,13,18,83,0,0
6,337,247,584,1,90.44,0,156,11,15,0,0
16,797,5,802,8,31.11,0,34,18,74,0,1
14,489,80,569,4,80.92,1,31,14,3,1,1
30,122,363,485,9,21.04,1,168,8,25,0,1
7,32,396,428,6,52.53,1,76,14,59,0,1
15,415,256,671,2,39.79,0,36,8,18,0,1
10,644,208,852,3,76.32,1,195,19,7,0,0
8,383,233,616,6,21.28,1,63,17,14,0,1
7,448,148,596,3,57.19,0,130,17,59,0,0
8,638,80,718,2,75.74,0,59,11,19,0,0
23,413,150,563,2,23.74,0,120,10,22,0,0
16,726,279,1005,6,91.79,0,142,3,18,0,0
17,510,265,775,0,48.9,1,153,13,79,0,0
19,584,270,854,0,33.22,0,88,3,79,0,0
29,625,243,868,0,38.04,0,127,11,72,0,1
34,501,24,525,7,47.11,0,169,3,1,1,1
21,40,250,290,0,35.87,0,169,10,22,0,0
26,341,352,693,4,60.85,0,152,15,79,0,1
29,113,259,372,1,70.63,1,85,6,49,0,1
27,408,231,639,5,54.67,0,110,12,3,1,1
6,114,89,203,0,54.16,1,193,5,22,0,0
39,407,316,723,0,82.54,1,57,6,74,0,0
7,275,180,455,4,44.08,0,141,4,79,0,0
17,16,105,121,6,69.82,0,160,4,38,0,0
26,99,195,294,1,91.43,0,101,8,13,0,1
16,402,48,450,4,37.72,1,174,3,6,1,1
10,63,370,433,8,69.59,1,91,17,20,0,1
37,684,280,964,6,95.84,1,168,15,71,0,0
3,606,130,736,7,62.38,0,132,5,74,0,1
10,567,317,884,3,98.15,0,19,17,23,0,0
39,137,21,158,9,44.8,0,166,7,87,0,0
29,636,154,790,1,65.14,0,142,11,79,0,0
4,507,260,767,6,44.88,1,52,14,88,0,0
30,312,9,321,4,20.3,0,143,15,67,0,1
38,0,283,283,0,99.78,1,107,1,51,0,0
4,423,327,750,9,39.2,0,189,6,88,0,1
17,636,237,873,7,97.85,0,67,7,61,0,0
19,26,82,108,2,72.24,0,60,12,74,0,0
6,42,299,341,0,92.31,0,21,17,36,0,0
8,306,135,441,6,97.38,1,159,9,21,0,0
7,409,294,703,5,65.43,0,197,9,51,0,0
8,379,251,630,0,99.98,1,140,2,36,0,0
16,340,37,377,9,81.39,0,80,10,31,0,0
19,204,39,243,7,61.91,0,176,10,62,0,0
10,47,6,53,4,72.4,1,58,13,54,0,0
12,24,28,52,2,35.54,1,141,17,28,0,0
8,79,119,198,2,20.88,1,123,11,21,0,0
32,552,10,562,4,40.54,0,171,1,49,0,1
9,628,375,1003,0,54.8,1,194,16,29,0,1
36,348,366,714,3,38.24,1,78,10,21,0,1
22,61,69,130,2,61.12,1,28,10,19,0,1
32,332,124,456,1,72.64,1,39,17,59,0,0
25,788,296,1084,1,72.46,1,150,12,37,0,0
11,199,264,463,3,91.5,0,79,16,30,0,1
24,392,232,624,3,97.31,1,36,17,10,0,1
11,430,395,825,3,91.26,1,164,10,4,1,1
5,263,251,514,6,69.61,0,133,19,62,0,0
10,350,267,617,5,36.46,1,35,4,87,0,1
11,377,200,577,1,95.48,1,145,17,29,0,0
6,379,210,589,9,33.99,0,131,17,75,0,1
1,574,116,690,7,32.11,1,197,2,54,0,0
37,464,208,672,4,45.41,0,197,3,27,0,0
21,42,367,409,0,65.89,1,195,1,51,0,1
16,5,150,155,9,74.52,1,180,6,11,0,0
37,328,53,381,7,21.06,0,160,19,30,0,0
9,726,239,965,4,82.24,0,137,3,66,0,0
16,29,314,343,1,34.0,1,113,1,76,0,0
34,56,383,439,1,43.72,0,160,9,19,0,0
25,543,216,759,2,45.77,1,193,7,81,0,1
16,360,315,675,2,46.6,1,32,12,54,0,0
10,184,100,284,2,80.83,0,35,12,20,0,0
2,165,169,334,4,23.28,0,104,16,70,0,0
4,532,167,699,0,35.72,0,65,8,79,0,0
7,419,132,551,3,21.79,0,111,9,24,0,1
31,510,286,796,8,82.26,1,69,1,9,0,1
25,224,353,577,8,98.7,1,158,19,25,0,0
17,421,130,551,0,72.76,0,180,5,68,0,0
31,688,54,742,6,67.21,0,63,12,5,1,1
7,253,330,583,9,92.65,1,156,17,26,0,0
9,317,339,656,5,40.4,1,30,12,28,0,1
16,130,373,503,3,25.32,0,161,12,1,1,0
36,511,102,613,4,60.8,1,142,4,53,0,1
24,26,287,313,2,40.83,0,144,14,72,0,0
34,199,286,485,3,56.09,0,103,4,14,0,1
10,570,316,886,9,56.5,0,30,14,79,0,1
34,15,322,337,6,45.51,1,170,11,85,0,1
3,791,381,1172,4,58.91,1,30,10,78,0,1
9,323,190,513,1,50.41,1,101,14,65,0,0
21,318,30,348,9,29.04,0,43,14,40,0,1
2,429,76,505,1,89.34,0,170,4,18,0,0
34,511,354,865,7,76.1,1,119,8,82,0,1
34,367,337,704,3,23.3,1,106,10,47,0,0
22,707,4,711,2,29.26,0,70,3,40,0,1
12,769,147,916,1,27.72,1,158,7,35,0,0
4,160,98,258,3,24.94,0,49,1,19,0,0
25,565,128,693,6,24.72,1,146,9,34,0,1
21,240,255,495,4,32.57,1,194,4,71,0,0
30,796,204,1000,0,87.83,0,60,5,50,0,0
24,202,192,394,2,86.26,0,140,16,35,0,0
6,236,174,410,1,82.65,0,68,3,9,0,0
5,571,256,827,4,69.18,1,186,3,37,0,1
31,631,273,904,9,77.88,1,180,7,19,0,1
7,102,17,119,9,79.08,0,69,1,35,0,0
37,444,54,498,9,91.15,1,53,17,13,0,1
5,276,136,412,1,78.59,0,25,19,85,0,0
29,489,174,663,4,78.92,1,142,16,15,0,0
39,445,398,843,0,84.33,1,184,16,11,0,1
18,788,356,1144,4,64.51,0,37,2,58,0,1
3,746,259,1005,5,37.04,0,165,11,30,0,1
35,523,14,537,7,26.76,1,153,2,89,0,1
8,543,40,583,3,53.52,1,99,6,36,0,0
21,719,182,901,0,27.33,0,52,10,58,0,1
39,146,234,380,4,33.54,0,134,13,75,0,1
30,580,264,844,4,21.91,0,122,6,88,0,1
2,617,56,673,6,44.02,0,164,5,72,0,0
32,101,355,456,0,97.6,1,117,16,51,0,0
7,705,197,902,6,50.31,1,19,5,73,0,1
30,559,237,796,4,39.27,0,48,10,25,0,1
25,277,15,292,7,52.28,1,82,6,78,0,1
12,387,329,716,9,44.11,1,103,17,78,0,1
17,391,217,608,2,73.91,0,76,11,34,0,0
5,735,89,824,7,70.76,0,177,3,6,1,1
39,775,127,902,1,22.19,1,63,3,61,0,1
10,645,141,786,9,60.91,1,139,19,9,0,1
13,521,10,531,4,22.9,1,78,18,1,1,1
20,83,376,459,7,74.19,1,198,15,85,0,0
27,731,321,1052,7,94.86,0,184,2,51,0,1
20,107,354,461,6,92.6,0,159,14,58,0,0
20,133,141,274,3,36.46,0,155,13,79,0,0
23,55,223,278,7,79.41,1,132,18,83,0,1
34,758,183,941,4,83.45,1,121,10,86,0,1
16,394,190,584,6,89.15,1,117,9,11,0,1
33,188,235,423,6,40.77,1,15,13,29,0,1
31,64,180,244,4,56.07,0,188,3,69,0,1
38,329,309,638,1,37.72,1,196,15,2,1,1
36,578,23,601,2,21.94,1,110,10,21,0,1
32,795,77,872,9,72.72,1,175,4,46,0,0
10,441,356,797,5,54.52,1,86,16,30,0,1
31,485,352,837,6,39.85,0,31,6,15,0,0
29,668,327,995,2,87.77,0,168,17,80,0,1
12,721,147,868,7,59.65,1,106,6,40,0,1
27,223,182,405,4,99.57,1,188,10,37,0,1
10,793,10,803,2,83.47,1,50,9,59,0,1
21,415,111,526,1,89.54,0,100,14,60,0,1
32,744,290,1034,3,81.87,1,136,4,44,0,1
8,93,137,230,5,28.47,0,36,5,79,0,1
14,77,192,269,2,25.2,1,199,4,26,0,1
32,707,49,756,2,93.21,0,125,5,78,0,0
18,538,198,736,2,31.06,1,42,9,78,0,0
38,140,288,428,2,51.3,1,150,12,0,1,1
1,715,228,943,7,68.79,0,176,17,67,0,1
29,81,222,303,4,36.95,1,80,9,14,0,1
32,545,365,910,4,38.02,1,125,8,43,0,1
36,164,93,257,1,57.3,0,152,4,82,0,0
7,56,119,175,5,48.87,0,37,2,17,0,0
39,644,249,893,9,74.13,0,110,15,50,0,1
16,677,192,869,7,26.01,1,116,13,69,0,1
14,84,391,475,4,59.1,0,67,11,43,0,0
14,74,23,97,3,33.94,1,66,9,7,0,0
25,491,48,539,3,68.54,1,129,10,5,1,0
26,22,136,158,0,29.3,1,152,17,46,0,0
19,596,183,779,0,35.81,0,83,4,2,1,1
3,732,356,1088,7,84.31,1,37,10,1,1,1
39,600,197,797,8,38.81,0,159,5,85,0,1
9,184,174,358,9,78.97,0,42,2,47,0,0
4,152,66,218,6,41.85,0,10,14,42,0,0
24,544,173,717,9,38.8,1,71,14,9,0,1
17,49,212,261,4,43.93,0,165,17,70,0,1
25,430,233,663,2,90.47,0,153,1,45,0,1
35,359,242,601,2,51.77,1,68,4,19,0,1
4,595,171,766,2,39.5,1,108,11,67,0,0
12,161,62,223,7,62.93,1,192,16,21,0,0
21,609,61,670,0,50.85,0,146,18,45,0,0
31,559,61,620,9,83.22,0,154,15,50,0,1
24,190,247,437,7,99.24,1,26,18,25,0,0
15,285,342,627,3,62.13,0,55,16,78,0,1
24,52,353,405,7,56.14,1,29,6,63,0,1
39,359,124,483,1,47.44,0,195,12,25,0,1
19,208,31,239,4,97.87,1,75,13,14,0,0
35,90,252,342,1,58.66,1,104,7,29,0,1
31,447,15,462,1,34.24,1,114,17,41,0,1
12,454,250,704,0,97.54,0,109,15,49,0,0
10,68,153,221,7,96.87,1,19,10,36,0,0
31,148,335,483,7,54.86,0,182,10,3,1,0
9,66,250,316,8,47.85,1,82,16,60,0,0
14,543,295,838,9,74.43,1,184,5,34,0,1
10,270,162,432,9,86.31,1,155,5,30,0,1
24,56,336,392,9,59.88,0,142,8,50,0,1
12,153,210,363,0,46.47,0,143,3,75,0,0
26,780,250,1030,7,44.11,1,195,9,0,1,1
37,204,144,348,7,46.13,0,67,9,86,0,1
33,547,179,726,1,29.44,0,72,10,57,0,1
37,374,336,710,1,82.29,0,137,9,49,0,0
1,145,157,302,9,28.4,0,54,18,4,1,0
18,245,8,253,8,51.87,0,162,6,64,0,1
9,11,151,162,3,86.8,1,15,8,64,0,0
36,597,156,753,0,52.33,1,180,15,50,0,1
28,267,167,434,3,43.58,0,75,6,72,0,1
13,399,28,427,0,95.86,0,10,13,75,0,0
22,122,51,173,6,30.12,0,124,19,75,0,0
24,659,129,788,3,90.79,1,62,8,29,0,0
20,174,169,343,0,24.97,1,68,5,60,0,0
19,453,11,464,9,53.08,1,101,4,5,1,1
3,698,155,853,8,70.54,0,120,1,50,0,1
18,570,128,698,9,49.6,1,35,6,13,0,0
14,482,13,495,9,62.77,1,19,17,27,0,1
32,710,100,810,0,36.32,1,97,5,60,0,1
34,141,110,251,7,65.52,0,77,19,38,0,0
30,770,57,827,7,30.76,0,120,19,77,0,1
2,445,300,745,7,83.69,1,152,13,7,0,0
33,327,28,355,2,66.7,1,126,19,87,0,0
16,204,231,435,3,58.55,1,29,8,63,0,0
17,595,266,861,9,24.37,1,199,19,38,0,1
37,780,322,1102,0,59.98,0,145,11,2,1,1
34,552,218,770,6,65.09,1,19,2,3,1,1
2,26,217,243,7,41.25,1,155,16,37,0,0
15,375,304,679,7,74.21,0,177,19,51,0,1
30,585,341,926,5,26.14,1,118,17,45,0,1
22,317,84,401,7,36.7,0,168,8,26,0,1
11,618,318,936,9,79.0,0,178,2,58,0,0
21,565,184,749,7,31.78,0,193,12,55,0,1
34,53,39,92,1,39.64,0,191,17,30,0,1
9,446,244,690,2,72.07,1,46,16,29,0,1
30,137,390,527,3,78.31,1,16,12,39,0,1
29,389,56,445,3,24.12,1,133,15,66,0,0
35,307,5,312,3,30.13,1,139,1,52,0,0
12,645,366,1011,2,55.69,0,118,12,11,0,0
9,694,238,932,6,67.42,1,55,3,83,0,0
22,369,87,456,1,56.3,1,190,15,18,0,0
21,429,317,746,7,71.77,1,87,1,60,0,1
16,500,157,657,6,80.48,1,150,12,1,1,0
31,524,132,656,9,95.96,1,128,19,22,0,1
32,508,115,623,0,47.99,1,180,3,50,0,1
10,626,239,865,2,33.05,1,145,9,76,0,1
32,785,53,838,8,41.13,1,130,1,50,0,1
9,662,144,806,4,31.85,1,169,14,4,1,1
16,107,122,229,5,51.54,0,20,18,86,0,1
2,381,24,405,0,89.81,1,144,1,24,0,0
14,369,305,674,7,47.76,1,121,11,32,0,1
38,407,3,410,2,31.91,1,157,16,9,0,1
18,422,383,805,9,61.81,1,52,1,62,0,1
28,574,37,611,3,99.36,0,123,10,40,0,0
5,336,143,479,1,35.05,1,63,3,19,0,0
25,210,39,249,5,82.23,1,32,18,57,0,0
15,366,146,512,4,85.87,1,119,10,17,0,0
30,683,244,927,4,52.11,0,14,10,47,0,1
37,249,34,283,9,69.56,0,27,19,59,0,0
21,16,210,226,3,54.59,1,110,15,73,0,1
5,781,308,1089,3,40.99,1,180,6,62,0,1
19,156,182,338,6,54.09,1,145,12,51,0,0
5,482,44,526,1,27.62,0,12,6,3,1,0
18,640,276,916,8,76.56,1,30,10,20,0,0
3,219,74,293,2,86.34,1,91,16,52,0,0
25,272,6,278,2,44.59,0,91,19,48,0,0
13,224,174,398,0,65.32,1,17,19,48,0,0
8,119,108,227,3,38.57,1,58,10,66,0,0
1,122,11,133,5,30.2,0,34,18,81,0,0
35,149,310,459,7,73.09,0,117,17,45,0,1
33,366,239,605,8,30.73,1,135,11,12,0,1
32,424,363,787,7,82.56,1,84,1,39,0,0
3,12,192,204,3,41.74,0,118,3,22,0,0
14,676,175,851,8,85.48,1,48,13,47,0,0
38,540,337,877,1,49.48,0,171,16,53,0,1
23,56,32,88,2,49.51,0,10,18,49,0,0
6,674,144,818,3,80.05,1,105,5,52,0,1
6,24,319,343,5,60.82,0,71,18,27,0,0
11,448,117,565,2,36.08,0,95,16,15,0,1
38,372,354,726,9,88.03,1,108,10,76,0,1
7,401,113,514,2,47.21,1,132,8,36,0,0
36,764,165,929,3,28.22,0,186,9,18,0,1
27,741,358,1099,6,53.28,1,116,13,89,0,0
36,223,97,320,4,65.92,1,53,16,2,1,1
33,463,387,850,4,68.79,1,109,4,31,0,1
13,767,17,784,9,86.85,1,107,7,66,0,0
33,583,106,689,4,63.31,0,174,3,36,0,1
7,710,236,946,1,37.9,1,117,18,75,0,1
12,347,237,584,7,40.93,0,174,8,32,0,0
9,226,363,589,7,28.07,0,133,5,57,0,1
6,408,383,791,2,78.87,1,118,4,38,0,1
4,653,271,924,8,28.48,0,72,2,42,0,1
8,743,263,1006,3,68.47,1,58,9,44,0,1
5,548,126,674,1,67.76,1,28,15,87,0,0
15,565,322,887,1,82.84,0,114,7,68,0,0
3,409,257,666,7,25.97,1,185,8,33,0,1
3,255,9,264,2,36.23,0,12,13,37,0,1
39,338,332,670,4,92.76,0,191,7,36,0,0
4,398,143,541,7,65.78,1,173,15,66,0,1
3,652,190,842,8,56.62,1,93,7,53,0,0
2,444,194,638,4,79.81,1,69,9,48,0,0
6,634,327,961,9,92.2,0,120,19,38,0,0
21,21,107,128,3,41.04,1,172,16,35,0,0
33,605,156,761,8,92.12,0,15,11,49,0,1
29,405,15,420,2,28.7,1,95,8,74,0,1
23,798,139,937,0,98.21,1,18,19,86,0,1
4,377,35,412,7,33.19,1,132,9,5,1,1
31,382,233,615,7,41.3,1,24,7,21,0,1
2,101,357,458,9,27.73,0,70,12,61,0,1
25,645,185,830,9,84.29,1,150,8,13,0,1
16,561,364,925,1,98.74,1,152,17,54,0,1
35,689,390,1079,6,43.76,0,53,5,38,0,1
12,74,21,95,7,46.05,0,107,1,17,0,0
25,169,206,375,6,42.32,0,45,9,45,0,1
18,701,211,912,0,32.39,0,122,19,45,0,1
21,33,154,187,0,83.0,1,11,2,64,0,0
37,406,332,738,6,24.86,0,164,16,74,0,1
28,323,157,480,8,97.42,1,14,1,85,0,0
17,751,22,773,1,94.19,1,125,11,39,0,0
18,685,219,904,0,29.48,0,87,9,61,0,1
28,717,80,797,4,62.36,1,52,4,70,0,1
14,231,141,372,3,99.43,1,112,15,88,0,0
7,470,200,670,9,88.21,1,36,4,58,0,1
19,560,289,849,9,77.21,0,120,9,22,0,1
3,773,111,884,5,21.8,0,132,11,30,0,1
7,5,152,157,9,25.47,1,97,10,18,0,0
17,781,27,808,2,83.52,0,78,1,17,0,1
32,284,153,437,9,50.12,1,97,9,27,0,0
31,102,232,334,4,73.47,1,191,13,44,0,1
11,492,246,738,4,79.13,0,153,11,70,0,0
17,625,117,742,0,53.77,0,11,14,26,0,1
6,103,24,127,1,31.47,0,65,15,16,0,1
30,32,230,262,1,50.94,1,14,4,11,0,0
10,717,262,979,4,89.68,1,55,16,17,0,1
32,746,34,780,1,46.49,0,157,18,38,0,0
33,125,201,326,1,25.01,1,172,16,37,0,0
27,723,38,761,6,96.73,0,96,17,35,0,0
13,727,181,908,8,74.45,0,140,5,28,0,1
38,797,256,1053,0,63.27,0,80,13,40,0,0
27,173,287,460,5,86.33,0,100,9,58,0,1
26,463,285,748,9,52.89,1,167,19,4,1,1
34,795,303,1098,4,98.81,1,62,16,80,0,1
35,722,96,818,1,88.61,0,70,4,27,0,0
4,483,338,821,0,42.44,0,35,18,12,0,0
35,157,139,296,9,49.68,0,51,14,15,0,1
30,67,149,216,4,42.06,1,17,11,49,0,0
9,207,315,522,1,72.75,1,164,9,46,0,0
12,52,130,182,8,71.15,1,171,10,7,0,0
30,156,29,185,8,61.8,0,90,15,44,0,1
9,59,285,344,7,97.27,0,122,15,19,0,0
18,609,264,873,0,57.78,1,57,11,82,0,1
27,471,232,703,0,82.7,1,18,19,27,0,1
26,414,57,471,2,72.65,1,107,5,89,0,0
36,647,252,899,1,61.45,1,40,9,52,0,0
5,328,79,407,5,23.37,1,171,12,86,0,0
12,322,222,544,3,72.6,1,63,4,49,0,0
39,165,203,368,7,71.41,1,150,10,11,0,0
23,355,309,664,1,29.99,1,59,16,57,0,1
10,139,390,529,7,83.67,0,34,13,42,0,0
12,471,76,547,9,57.36,0,114,14,73,0,0
14,797,45,842,1,45.93,0,44,4,35,0,0
22,426,222,648,6,85.92,0,85,3,16,0,1
12,239,380,619,5,47.47,0,65,9,10,0,1
25,550,63,613,0,69.75,0,177,7,66,0,1
18,656,194,850,2,69.43,1,105,1,20,0,0
24,377,162,539,7,24.22,0,146,11,60,0,1
7,200,127,327,8,53.83,1,121,15,12,0,0
25,571,265,836,3,37.82,0,183,14,7,0,1
37,149,118,267,1,35.97,1,93,2,63,0,0
6,797,197,994,2,72.4,0,173,15,31,0,1
13,254,338,592,8,20.91,1,180,8,51,0,0
28,280,151,431,5,97.53,1,185,3,2,1,0
25,581,8,589,4,51.63,1,142,9,16,0,1
27,9,353,362,0,43.9,0,196,5,8,0,0
22,162,109,271,7,93.6,1,151,13,25,0,0
27,100,309,409,4,58.93,1,69,15,25,0,1
24,312,305,617,5,69.15,0,39,14,33,0,1
3,442,210,652,8,75.67,1,49,3,21,0,1
30,143,35,178,5,89.71,1,119,7,41,0,0
18,275,380,655,9,30.38,0,41,10,81,0,1
3,617,272,889,5,26.53,1,55,19,7,0,1
16,751,169,920,3,99.5,1,129,11,80,0,0
17,11,341,352,9,20.71,0,73,13,37,0,0
4,501,315,816,6,76.66,0,139,7,52,0,0
39,20,304,324,7,68.89,1,199,6,60,0,0
9,416,67,483,2,64.2,1,26,16,66,0,0
13,703,253,956,6,82.87,0,131,16,84,0,0
18,638,114,752,5,99.4,1,166,2,89,0,0
33,186,31,217,1,23.75,1,36,11,8,0,1
29,206,135,341,2,69.16,1,158,15,36,0,0
31,626,41,667,9,77.34,0,106,3,48,0,1
10,655,42,697,5,44.48,1,129,13,47,0,0
33,224,290,514,7,91.43,0,19,9,89,0,1
33,2,200,202,1,56.56,1,92,10,58,0,0
19,355,159,514,2,33.16,1,79,12,36,0,1
22,495,76,571,9,88.35,1,39,17,82,0,0
2,355,308,663,4,95.43,0,154,2,65,0,0
30,747,253,1000,8,27.96,1,106,4,71,0,1
38,650,234,884,8,80.13,0,176,7,56,0,0
19,630,76,706,3,37.2,0,40,16,5,1,1
22,16,49,65,9,20.54,1,148,12,87,0,1
20,682,49,731,7,40.85,1,124,4,64,0,1
4,604,10,614,1,88.39,0,133,1,13,0,0
25,317,387,704,0,31.29,1,68,19,22,0,1
29,471,147,618,1,30.45,1,141,3,30,0,0
37,659,263,922,7,79.12,0,56,1,22,0,1
37,724,392,1116,1,52.51,1,154,8,55,0,1
20,440,374,814,2,31.88,1,93,11,49,0,1
38,33,128,161,4,38.4,1,101,5,19,0,1
21,494,195,689,1,83.57,1,120,4,62,0,0
26,544,185,729,3,69.86,0,26,2,25,0,0
24,47,13,60,6,80.87,1,79,8,14,0,0
39,653,307,960,9,27.82,1,48,19,86,0,1
29,161,229,390,4,56.65,0,193,3,28,0,0
5,712,148,860,7,83.77,0,90,11,20,0,1
3,440,223,663,5,41.26,1,11,4,64,0,0
16,257,294,551,4,33.54,1,14,13,68,0,0
21,47,5,52,5,50.54,1,183,2,13,0,0
27,14,258,272,9,46.67,1,39,4,5,1,1
19,593,344,937,0,34.84,0,10,1,76,0,0
21,301,290,591,5,96.32,0,50,13,45,0,0
36,672,247,919,0,58.65,1,51,14,41,0,0
14,184,36,220,8,68.65,1,25,4,37,0,0
20,736,297,1033,6,29.69,1,199,9,52,0,1
22,753,300,1053,0,68.8,0,21,6,60,0,0
19,81,197,278,6,64.43,0,148,1,7,0,1
38,517,233,750,4,94.55,0,169,1,23,0,0
38,751,247,998,0,52.99,1,132,18,85,0,1
21,258,48,306,9,82.56,1,35,13,15,0,0
18,54,102,156,3,44.33,0,147,13,81,0,0
23,700,316,1016,0,66.32,0,72,6,36,0,0
8,379,389,768,6,94.16,1,87,6,17,0,0
17,21,108,129,3,70.01,1,57,16,53,0,0
9,672,160,832,6,76.89,1,158,9,59,0,1
6,543,366,909,1,90.08,1,120,2,31,0,0
4,56,64,120,8,94.03,0,39,10,71,0,0
23,206,104,310,4,36.66,1,87,10,5,1,1
1,14,22,36,4,35.67,1,160,11,10,0,0
26,763,93,856,8,64.04,0,188,11,55,0,0
17,19,254,273,5,99.64,0,188,17,51,0,0
15,636,139,775,0,59.21,1,35,5,62,0,0
31,409,393,802,5,46.47,0,172,12,76,0,0
22,466,356,822,6,62.98,0,117,17,83,0,1
29,649,358,1007,3,25.15,1,150,19,45,0,1
28,715,290,1005,1,34.18,0,83,19,45,0,1
2,101,280,381,0,31.91,0,133,14,83,0,0
9,14,203,217,8,22.23,0,59,3,86,0,0
23,99,396,495,0,77.78,0,109,19,4,1,1
39,546,38,584,5,46.04,1,52,1,45,0,1
7,454,289,743,8,33.48,0,85,11,82,0,1
5,67,56,123,3,60.98,0,87,9,4,1,0
37,187,135,322,2,45.88,1,174,13,87,0,1
38,429,102,531,7,51.44,1,129,15,67,0,1
7,584,240,824,6,45.24,1,133,15,14,0,1
16,274,314,588,0,20.32,0,63,5,57,0,1
25,759,31,790,5,75.07,0,92,15,38,0,1
8,793,240,1033,0,28.86,1,99,15,30,0,0
13,612,88,700,3,37.53,0,159,1,55,0,1
16,363,30,393,3,35.23,0,45,13,66,0,0
26,701,167,868,8,46.51,0,20,3,80,0,0
13,582,232,814,9,32.82,1,105,11,37,0,1
17,415,80,495,6,47.76,0,164,5,14,0,1
12,355,155,510,7,39.46,0,149,7,77,0,0
30,665,381,1046,0,24.9,0,164,6,30,0,1
6,445,138,583,0,89.65,0,84,17,68,0,0
9,146,398,544,7,44.45,1,53,18,71,0,1
10,799,333,1132,4,27.62,1,135,16,5,1,0
36,54,148,202,5,61.72,1,17,14,36,0,0
37,556,230,786,6,29.86,0,180,7,7,0,1
20,524,283,807,3,81.85,0,145,3,54,0,0
7,468,185,653,6,24.93,0,105,11,71,0,1
30,41,163,204,7,57.17,1,47,9,50,0,1
20,394,131,525,2,95.51,1,57,6,29,0,1
34,713,55,768,6,32.72,1,199,5,87,0,1
15,191,9,200,1,36.11,1,12,4,7,0,1
39,553,134,687,3,68.04,0,11,16,12,0,1
32,687,318,1005,7,98.39,0,76,7,32,0,1
9,761,93,854,9,50.87,0,53,18,85,0,1
29,412,71,483,0,71.89,1,138,13,80,0,0
12,251,131,382,6,32.19,1,17,4,50,0,0
14,559,239,798,5,71.31,1,159,2,85,0,1
10,388,86,474,6,40.21,0,158,8,81,0,0
27,501,88,589,7,69.06,1,53,2,52,0,0
11,593,44,637,0,27.09,1,119,19,10,0,0
25,568,132,700,7,62.0,0,137,18,80,0,0
23,194,86,280,2,38.99,1,171,13,57,0,1
30,604,332,936,1,74.54,1,149,6,12,0,0
39,433,362,795,4,79.81,1,192,17,75,0,0
1,744,148,892,0,87.85,1,32,13,35,0,0
39,527,34,561,6,99.39,0,125,7,70,0,0
5,713,34,747,5,56.75,1,156,17,23,0,1
21,783,129,912,5,73.65,0,54,4,0,1,1
14,795,185,980,0,21.47,0,51,11,40,0,1
25,595,211,806,7,92.41,1,27,14,40,0,0
29,477,121,598,0,69.26,1,197,18,77,0,0
34,94,141,235,2,53.71,0,174,3,10,0,0
16,308,113,421,3,54.75,0,32,6,82,0,1
37,380,207,587,7,80.64,0,56,16,13,0,0
13,624,278,902,4,86.68,0,97,10,84,0,0
8,471,17,488,8,84.63,1,179,15,63,0,1
15,351,191,542,9,60.85,0,166,15,32,0,1
21,117,259,376,7,49.69,0,176,6,86,0,1
27,572,269,841,0,95.64,1,167,7,32,0,0
33,345,225,570,7,70.74,1,129,10,57,0,1
9,28,210,238,2,63.49,1,65,1,1,1,1
12,227,272,499,8,67.87,1,124,16,9,0,1
37,703,151,854,9,70.39,1,103,3,31,0,1
18,95,226,321,0,77.05,1,190,18,21,0,0
10,324,127,451,0,64.25,0,95,15,20,0,0
39,409,175,584,6,90.03,0,153,7,34,0,1
18,66,49,115,1,88.78,0,42,2,54,0,0
39,132,140,272,9,55.38,1,139,16,11,0,1
36,752,56,808,5,33.48,0,96,9,67,0,1
36,472,90,562,5,66.13,1,92,4,76,0,1
23,168,167,335,8,69.66,1,153,9,75,0,0
32,135,200,335,2,61.87,0,101,18,17,0,1
38,340,376,716,5,91.25,1,21,14,79,0,1
11,578,10,588,9,27.44,1,83,14,11,0,0
2,584,359,943,0,42.99,0,193,10,9,0,1
13,156,131,287,1,89.26,0,189,3,65,0,0
25,580,289,869,1,95.15,1,126,19,68,0,1
22,717,271,988,3,54.07,0,131,15,11,0,1
4,181,388,569,1,35.41,0,59,10,37,0,1
22,20,43,63,1,53.63,1,158,14,36,0,0
7,767,386,1153,8,56.49,0,123,7,65,0,1
20,417,25,442,4,61.57,0,17,15,46,0,1
23,621,350,971,3,41.95,1,190,19,54,0,1
25,256,260,516,4,45.01,0,171,7,7,0,1
17,239,192,431,9,72.45,1,25,1,87,0,0
16,180,159,339,4,69.74,1,89,15,50,0,1
27,173,37,210,4,72.97,0,151,17,60,0,0
30,377,320,697,9,50.18,0,150,16,43,0,1
32,84,291,375,0,46.92,0,41,19,22,0,1
14,673,374,1047,4,48.12,1,17,7,60,0,1
17,408,292,700,7,96.09,1,197,18,25,0,0
13,732,382,1114,5,51.62,0,179,4,19,0,1
21,401,354,755,8,68.49,1,150,12,49,0,1
5,242,170,412,8,61.83,1,135,17,32,0,1
17,411,281,692,3,90.1,0,140,18,80,0,0
8,123,105,228,8,49.53,1,96,12,59,0,1
21,659,318,977,2,54.73,1,140,11,33,0,1
34,576,243,819,2,87.42,0,67,9,3,1,1
39,117,176,293,9,32.88,0,25,17,30,0,1
18,465,251,716,0,67.54,1,69,17,10,0,0
3,430,110,540,3,51.99,1,65,5,19,0,1
9,160,248,408,6,98.86,0,67,3,25,0,1
5,97,189,286,4,77.71,1,99,16,58,0,0
30,608,128,736,8,20.84,0,34,16,9,0,1
39,211,390,601,2,87.16,0,87,2,14,0,0
22,415,25,440,5,76.25,0,98,10,3,1,1
7,198,303,501,1,64.88,1,45,10,82,0,0
1,522,84,606,2,38.89,0,96,1,88,0,0
39,39,89,128,1,31.95,1,138,13,26,0,0
13,287,61,348,7,70.27,0,88,19,41,0,0
5,437,40,477,2,55.2,0,10,5,27,0,0
7,351,49,400,6,88.93,1,143,15,48,0,0
10,489,333,822,3,40.99,0,119,2,49,0,1
26,144,370,514,5,71.0,1,89,5,22,0,1
35,353,233,586,8,39.91,1,14,11,58,0,1
11,605,5,610,8,70.91,1,26,18,0,1,0
27,266,345,611,0,23.87,0,25,17,57,0,0
3,125,240,365,7,51.34,1,171,18,67,0,0
1,678,208,886,9,33.81,1,68,19,4,1,1
3,622,378,1000,6,68.47,0,90,16,65,0,1
37,544,163,707,1,45.34,0,142,7,66,0,0
23,638,144,782,6,81.72,0,134,3,87,0,1
32,623,311,934,6,29.17,1,22,16,72,0,0
1,597,210,807,6,64.5,0,186,4,1,1,1
1,407,286,693,4,67.49,0,60,10,7,0,1
34,15,278,293,5,21.77,1,155,15,12,0,1
5,477,335,812,6,22.88,1,168,1,52,0,1
7,218,126,344,4,44.66,1,112,18,64,0,1
21,618,28,646,7,68.73,1,40,6,59,0,0
24,374,191,565,7,97.01,0,113,5,29,0,0
9,724,259,983,3,27.26,0,56,8,18,0,1
18,476,326,802,6,76.25,0,171,9,5,1,1
27,440,106,546,7,75.42,0,153,9,33,0,1
18,735,298,1033,4,73.56,0,166,3,27,0,1
15,380,332,712,7,61.29,1,167,4,27,0,1
3,300,323,623,1,97.35,1,43,10,7,0,0
18,297,323,620,3,60.14,1,15,5,26,0,0
32,700,394,1094,7,87.06,0,129,13,75,0,1
25,605,264,869,8,41.0,1,126,18,21,0,1
35,130,148,278,6,84.5,1,174,1,78,0,0
5,393,174,567,6,99.72,0,131,1,7,0,0
1,297,298,595,3,92.81,0,162,13,57,0,0
22,517,94,611,7,44.33,1,76,1,9,0,1
7,41,241,282,3,87.69,0,33,13,34,0,1
24,571,229,800,0,27.62,0,17,10,85,0,0
36,593,266,859,2,74.22,0,92,9,69,0,0
14,181,168,349,6,47.37,0,10,12,46,0,0
22,120,295,415,9,72.69,1,108,18,56,0,1
27,502,28,530,4,52.98,1,86,3,59,0,1
6,205,299,504,8,20.72,1,58,3,71,0,1
35,753,324,1077,7,38.5,1,122,14,53,0,1
8,620,354,974,5,23.39,0,139,1,45,0,1
32,764,369,1133,8,54.18,0,17,9,6,1,1
26,427,139,566,4,87.21,0,100,10,86,0,0
6,750,18,768,4,79.04,1,188,8,50,0,0
29,11,261,272,7,83.11,0,66,11,26,0,0
8,231,36,267,6,84.58,1,158,3,12,0,1
24,1,112,113,5,49.76,0,74,6,54,0,0
38,542,280,822,4,60.48,0,61,1,70,0,1
38,408,237,645,9,60.68,0,172,19,72,0,0
34,230,242,472,0,29.06,0,77,16,79,0,0
20,243,300,543,0,67.85,0,174,5,80,0,0
22,515,65,580,4,77.61,1,134,1,56,0,0
12,144,316,460,0,68.88,1,164,6,85,0,0
36,411,234,645,3,79.68,0,164,19,6,1,1
19,490,168,658,5,29.51,1,183,16,35,0,1
31,191,185,376,4,80.91,0,115,13,43,0,0
15,182,203,385,2,36.65,1,190,18,62,0,0
29,283,220,503,2,90.15,1,21,4,26,0,0
9,473,133,606,6,39.59,1,103,11,26,0,0
29,203,89,292,9,59.36,1,85,16,81,0,1
2,303,67,370,7,58.98,1,28,1,58,0,1
5,434,136,570,5,41.51,1,175,9,57,0,0
14,149,104,253,1,48.94,1,162,7,16,0,1
19,455,206,661,2,34.85,1,152,4,45,0,0
28,110,364,474,4,65.61,0,130,5,37,0,0
15,114,43,157,2,93.04,1,124,19,55,0,0
1,189,123,312,6,45.33,0,82,10,82,0,1
13,229,19,248,3,60.65,0,139,2,25,0,0
18,23,389,412,8,88.95,0,195,13,72,0,0
22,769,280,1049,2,56.2,1,57,12,57,0,0
26,246,96,342,4,86.5,1,74,8,44,0,0
10,643,165,808,7,55.71,1,30,8,85,0,1
24,721,289,1010,2,55.22,0,182,11,13,0,1
25,640,383,1023,7,32.58,0,110,18,61,0,1
31,665,229,894,5,30.0,0,122,15,35,0,1
21,80,108,188,6,68.92,0,60,8,61,0,0
32,297,278,575,4,86.19,1,16,5,12,0,1
9,596,274,870,9,30.83,0,162,3,66,0,0
28,460,257,717,7,92.81,1,173,4,6,1,1
2,4,18,22,1,48.71,1,74,3,31,0,0
5,453,282,735,5,54.02,1,154,16,81,0,0
34,643,7,650,9,91.56,1,118,11,56,0,0
19,662,362,1024,2,91.7,1,132,1,44,0,0
25,307,352,659,5,61.99,0,42,18,29,0,1
24,189,225,414,7,42.14,1,126,3,8,0,1
28,247,258,505,2,33.76,1,40,13,10,0,0
10,237,27,264,5,41.73,1,51,1,64,0,0
7,277,349,626,5,82.45,1,77,12,24,0,0
2,241,108,349,1,45.97,0,50,11,6,1,0
34,365,104,469,1,75.56,0,182,18,39,0,0
9,32,283,315,5,35.62,1,15,12,35,0,0
23,220,375,595,1,58.28,0,181,10,86,0,0
18,251,197,448,9,48.17,1,39,11,20,0,1
7,122,203,325,5,60.29,1,175,13,24,0,0
17,702,219,921,7,65.6,0,73,8,14,0,0
4,540,116,656,3,99.27,0,185,14,16,0,0
7,729,238,967,2,91.99,1,112,11,48,0,0
6,449,384,833,4,75.67,1,103,19,20,0,1
33,87,153,240,7,32.3,1,34,4,64,0,0
23,723,309,1032,3,93.52,0,92,14,73,0,1
37,366,309,675,2,91.41,1,115,16,43,0,1
18,547,340,887,1,90.94,1,196,14,21,0,0
8,305,289,594,5,58.32,1,60,19,73,0,0
24,395,368,763,6,33.66,0,25,9,86,0,1
37,391,285,676,5,80.35,0,58,11,82,0,0
21,227,390,617,2,51.08,0,56,3,82,0,0
1,443,286,729,2,47.57,0,190,8,72,0,0
12,586,334,920,3,51.26,0,38,4,66,0,1
37,16,356,372,3,64.73,0,198,16,86,0,0
21,104,393,497,2,46.68,0,31,15,30,0,0
38,673,238,911,9,75.19,1,164,4,83,0,0
20,455,284,739,3,71.82,0,88,16,1,1,1
1,778,386,1164,2,60.71,1,20,7,74,0,0
35,483,152,635,6,24.32,1,126,14,30,0,1
30,522,47,569,8,94.92,1,148,18,26,0,1
28,719,353,1072,4,52.94,1,169,16,60,0,1
38,528,252,780,6,55.96,1,43,4,15,0,1
8,263,171,434,0,56.48,0,127,4,89,0,0
36,422,286,708,5,49.2,1,118,3,65,0,1
10,188,13,201,0,73.97,1,94,16,1,1,0
38,267,190,457,1,21.11,0,179,11,76,0,1
8,544,106,650,5,89.88,0,90,3,9,0,0
22,119,115,234,2,28.2,0,82,12,74,0,1
31,537,387,924,0,99.98,1,109,11,73,0,0
4,467,220,687,1,70.25,0,186,12,57,0,0
3,246,56,302,7,25.3,0,174,13,54,0,1
34,35,145,180,5,64.99,1,144,4,74,0,1
3,563,97,660,3,46.5,0,25,8,76,0,1
24,659,363,1022,9,96.24,0,67,14,63,0,0
37,584,116,700,3,80.44,0,12,18,15,0,1
24,336,142,478,8,60.56,1,28,5,59,0,0
19,522,133,655,3,54.38,1,168,11,18,0,1
17,331,70,401,0,99.67,1,164,19,4,1,0
25,286,312,598,1,73.39,1,29,12,13,0,0
23,261,230,491,2,61.11,0,97,5,41,0,0
20,168,174,342,1,51.84,0,63,12,86,0,0
6,775,158,933,1,45.97,1,23,1,3,1,1
26,532,266,798,3,76.43,1,82,10,6,1,1
29,139,38,177,9,67.03,1,29,11,8,0,1
28,692,372,1064,2,87.85,0,149,2,17,0,1
3,121,225,346,2,64.28,1,193,4,48,0,0
28,474,91,565,9,66.59,0,90,19,73,0,1
29,132,215,347,2,58.19,0,56,12,4,1,1
8,288,340,628,8,81.01,1,104,9,72,0,1
34,526,69,595,6,53.2,0,193,5,82,0,1
21,799,209,1008,9,88.16,1,40,3,7,0,1
19,793,239,1032,5,46.16,0,139,9,40,0,1
29,716,324,1040,5,75.41,0,27,11,73,0,0
20,188,226,414,2,91.44,1,67,4,62,0,0
22,74,294,368,5,81.53,1,93,16,16,0,1
13,724,309,1033,6,47.41,1,82,9,13,0,1
37,738,356,1094,9,76.51,0,43,2,40,0,1
38,222,144,366,0,36.56,1,157,3,76,0,1
6,15,281,296,1,24.65,0,137,17,85,0,0
29,518,99,617,0,83.31,1,92,7,43,0,0
1,60,337,397,7,84.64,0,89,8,47,0,0
15,32,380,412,0,21.83,0,24,4,50,0,0
38,749,117,866,9,95.82,0,135,16,44,0,1
7,396,224,620,3,55.67,1,53,16,58,0,1
15,89,328,417,2,92.42,1,67,5,24,0,0
9,523,10,533,9,83.05,0,173,14,48,0,1
29,295,282,577,7,92.05,1,132,9,55,0,1
19,429,328,757,5,86.67,0,142,4,50,0,0
24,719,348,1067,8,97.92,0,60,16,87,0,0
37,190,78,268,7,70.33,1,105,2,67,0,1
21,517,302,819,6,38.18,0,12,17,66,0,0
29,662,314,976,3,51.17,1,56,1,72,0,1
4,339,1,340,9,80.15,1,162,7,47,0,0
9,776,282,1058,7,32.56,1,100,5,27,0,1
37,358,250,608,9,94.39,1,130,5,48,0,1
34,367,387,754,9,36.42,1,159,10,82,0,1
26,707,17,724,5,90.08,0,188,15,79,0,1
15,508,386,894,3,58.7,0,25,8,31,0,0
8,694,228,922,9,87.25,0,120,10,43,0,1
34,632,109,741,9,96.66,0,199,19,24,0,0
31,569,154,723,1,53.77,1,47,10,1,1,1
10,193,306,499,6,75.73,0,173,16,28,0,1
24,319,398,717,6,38.14,0,120,8,9,0,1
25,691,126,817,7,84.06,1,70,2,32,0,1
19,492,393,885,9,85.59,1,158,5,4,1,1
37,224,251,475,2,43.62,0,175,4,28,0,1
5,261,76,337,9,21.93,0,37,18,64,0,0
11,620,239,859,6,54.5,0,139,1,75,0,1
4,142,320,462,0,33.6,1,187,16,79,0,0
28,89,21,110,5,85.48,0,136,3,50,0,0
26,612,31,643,1,40.89,1,113,3,49,0,0
39,230,2,232,9,95.5,1,36,11,87,0,0
22,612,228,840,7,97.74,0,95,2,50,0,1
6,426,23,449,9,92.71,1,182,2,7,0,1
18,798,372,1170,6,67.97,0,161,15,84,0,1
4,419,51,470,3,41.39,0,95,2,55,0,1
27,693,28,721,4,84.58,1,68,12,59,0,0
27,680,103,783,9,76.13,0,162,3,8,0,1
34,169,305,474,1,98.17,1,193,2,42,0,0
14,796,362,1158,8,50.18,1,66,13,41,0,1
13,596,100,696,4,24.7,0,164,8,73,0,1
3,85,207,292,5,99.87,1,68,1,34,0,1
17,4,309,313,6,87.06,1,167,13,30,0,0
19,217,318,535,0,37.72,0,193,19,61,0,0
30,12,61,73,1,78.05,1,136,11,1,1,0
30,286,335,621,1,20.06,0,104,8,67,0,1
6,797,346,1143,7,64.62,0,69,17,0,1,1
12,383,293,676,0,49.03,1,21,7,21,0,0
20,19,210,229,6,50.51,1,19,12,44,0,0
14,395,156,551,1,39.56,1,168,10,17,0,1
1,175,355,530,7,41.99,1,135,14,3,1,1
33,684,345,1029,9,56.37,0,53,10,37,0,1
29,72,207,279,4,39.85,0,114,10,63,0,1
21,616,296,912,2,57.32,1,176,8,21,0,1
13,356,159,515,4,66.19,0,133,6,24,0,0
33,15,297,312,6,76.89,1,184,10,60,0,1
2,538,35,573,7,74.17,0,32,2,85,0,0
18,364,360,724,6,39.36,0,23,7,46,0,1
32,617,206,823,5,23.14,0,136,2,50,0,1
38,494,239,733,6,86.61,0,120,7,74,0,0
10,629,75,704,2,89.79,0,140,7,5,1,1
26,368,211,579,2,98.31,1,196,1,88,0,0
8,6,1,7,9,96.78,1,30,6,42,0,0
5,104,356,460,5,70.71,1,186,13,34,0,1
14,367,299,666,8,91.54,0,21,19,55,0,1
35,317,181,498,6,55.84,0,109,12,82,0,1
27,635,334,969,4,82.99,1,168,14,84,0,1
20,329,324,653,5,96.43,1,139,13,69,0,1
12,688,47,735,6,83.7,1,52,18,43,0,0
6,150,21,171,1,53.26,0,124,18,13,0,0
11,307,101,408,4,50.22,0,181,3,17,0,0
6,605,0,605,7,43.32,1,48,9,75,0,0
8,99,229,328,0,49.37,0,188,18,11,0,1
27,257,211,468,0,85.65,0,134,17,43,0,1
6,601,215,816,1,76.12,0,26,11,36,0,1
2,471,29,500,5,39.99,0,73,9,63,0,1
22,622,367,989,2,76.92,1,173,2,30,0,1
12,412,390,802,4,50.35,0,74,10,63,0,1
18,687,236,923,1,64.62,1,189,10,45,0,1
6,701,2,703,2,49.63,1,89,13,79,0,0
9,779,158,937,0,61.73,0,75,10,16,0,1
18,97,287,384,8,78.38,1,171,5,68,0,0
27,472,299,771,4,78.49,0,159,19,64,0,1
17,91,97,188,1,80.25,1,55,5,74,0,0
22,183,329,512,5,51.28,1,158,8,44,0,0
21,240,387,627,9,75.24,0,57,10,28,0,1
11,516,203,719,8,39.1,1,180,6,46,0,1
11,344,152,496,8,58.19,1,11,2,87,0,1
17,691,210,901,4,66.65,1,135,12,17,0,0
2,238,10,248,3,74.92,0,39,5,59,0,0
27,493,209,702,3,92.96,1,138,17,20,0,0
24,610,10,620,3,44.38,1,195,16,69,0,1
12,784,13,797,9,87.62,1,136,9,38,0,1
15,196,221,417,1,44.89,0,92,9,77,0,0
13,586,204,790,8,64.15,0,166,19,14,0,1
26,67,394,461,9,86.25,1,47,1,11,0,1
30,434,203,637,8,77.85,1,113,8,85,0,1
5,331,391,722,6,89.03,0,193,2,30,0,1
17,766,322,1088,8,85.19,0,77,3,7,0,1
1,618,134,752,0,42.11,0,15,18,75,0,0
18,741,370,1111,8,99.43,0,93,2,37,0,1
10,680,193,873,5,94.96,1,101,19,82,0,0
14,328,237,565,9,54.41,1,164,15,39,0,1
18,586,40,626,0,23.78,0,162,13,68,0,0
13,24,85,109,9,44.28,1,74,15,52,0,0
16,446,208,654,5,86.89,0,156,4,43,0,1
30,37,108,145,1,96.07,0,37,3,43,0,0
32,579,239,818,5,86.53,1,45,7,22,0,1
1,773,31,804,0,51.74,0,124,15,66,0,1
15,545,100,645,0,24.52,0,144,6,47,0,0
34,671,266,937,5,61.41,0,163,4,0,1,1
21,187,244,431,8,50.11,1,128,15,35,0,0
9,795,393,1188,1,29.84,1,34,13,36,0,0
24,440,359,799,2,28.47,1,138,11,79,0,0
6,539,324,863,3,32.24,1,91,8,38,0,0
1,616,0,616,5,36.47,1,60,15,51,0,0
25,511,240,751,0,80.3,0,74,14,7,0,1
21,253,91,344,6,50.54,0,164,7,35,0,1
30,489,106,595,4,54.96,1,43,3,25,0,0
14,523,83,606,9,67.87,1,116,17,44,0,1
34,685,182,867,3,96.81,0,25,3,80,0,0
17,385,49,434,4,80.52,1,147,9,84,0,0
29,401,212,613,0,71.66,0,38,18,25,0,1
4,402,66,468,9,79.51,0,188,8,55,0,0
4,91,200,291,8,77.54,0,177,16,85,0,0
31,72,250,322,3,75.22,1,172,10,20,0,1
33,16,71,87,4,59.71,0,76,15,39,0,0
37,532,41,573,8,65.35,1,158,12,45,0,1
13,335,322,657,2,56.92,0,35,6,0,1,0
1,692,295,987,2,51.6,0,65,17,41,0,1
39,561,104,665,2,41.66,1,35,9,10,0,1
24,113,354,467,7,48.42,0,20,9,27,0,0
10,80,88,168,2,54.28,1,79,13,10,0,0
30,292,370,662,0,66.35,1,119,18,66,0,0
36,736,45,781,1,59.99,0,173,17,75,0,1
12,38,264,302,9,28.64,0,16,8,24,0,0
31,149,7,156,8,47.2,1,87,5,3,1,0
31,23,78,101,9,50.1,1,145,7,44,0,1
20,330,161,491,2,76.55,1,48,5,10,0,1
25,791,34,825,4,46.63,0,149,6,39,0,0
11,546,182,728,4,20.64,1,118,9,48,0,0
37,394,92,486,5,26.75,0,116,1,42,0,1
39,115,39,154,0,59.76,0,33,11,46,0,0
39,284,384,668,5,35.08,1,41,17,51,0,1
29,419,392,811,0,59.57,0,176,9,14,0,1
2,219,384,603,2,65.94,1,176,2,61,0,0
15,564,61,625,2,94.68,1,95,8,60,0,0
18,784,152,936,6,72.45,0,123,7,12,0,1
38,164,130,294,8,22.48,1,112,12,39,0,0
22,201,130,331,6,50.46,1,107,5,25,0,1
21,100,166,266,4,83.48,0,145,6,35,0,0
6,580,204,784,5,40.84,0,117,15,69,0,1
31,369,194,563,5,94.0,1,33,4,53,0,0
14,227,116,343,1,62.32,0,25,18,81,0,0
4,175,391,566,9,27.4,0,171,6,51,0,1
39,56,391,447,9,39.33,1,150,16,4,1,1
8,380,132,512,2,92.5,1,47,2,64,0,0
1,546,88,634,1,99.32,0,21,7,6,1,1
4,188,213,401,1,89.04,1,51,8,30,0,0
18,1,147,148,6,45.65,1,119,9,84,0,0
5,378,394,772,0,81.51,0,120,2,89,0,0
33,540,171,711,1,37.78,0,42,5,13,0,1
20,275,15,290,6,50.76,1,43,17,88,0,0
13,200,50,250,1,75.77,0,49,18,88,0,0
1,123,29,152,0,97.51,0,94,9,79,0,0
19,596,153,749,0,55.14,0,54,3,74,0,0
6,689,126,815,7,59.67,1,96,6,6,1,1
39,615,342,957,3,37.61,1,12,19,10,0,1
12,414,356,770,2,52.26,0,187,18,55,0,1
19,579,56,635,6,25.04,1,179,16,9,0,1
1,317,377,694,1,88.69,1,74,17,22,0,0
6,19,233,252,5,21.87,0,162,14,87,0,0
9,294,122,416,4,74.68,1,111,12,81,0,0
3,562,162,724,6,41.86,0,15,15,22,0,0
29,517,176,693,6,58.09,1,64,13,48,0,1
37,792,68,860,6,42.52,1,20,7,48,0,0
39,797,346,1143,2,52.01,1,144,13,23,0,1
11,194,4,198,1,63.74,0,158,6,21,0,0
31,7,27,34,5,71.27,0,127,12,39,0,0
20,219,109,328,0,95.22,1,11,8,54,0,0
2,700,57,757,4,46.58,1,54,10,72,0,0
4,650,24,674,6,66.79,1,99,4,75,0,0
22,79,153,232,8,92.14,0,37,19,1,1,1
17,128,150,278,6,43.22,1,30,15,59,0,0
1,450,50,500,9,89.2,0,67,3,55,0,1
37,528,324,852,5,96.6,0,122,10,4,1,1
29,785,353,1138,4,87.8,0,26,9,75,0,0
20,604,287,891,2,65.59,0,199,17,53,0,0
39,169,208,377,6,77.77,0,97,15,64,0,0
38,29,378,407,8,58.49,0,42,17,59,0,0
38,506,140,646,3,67.78,1,13,9,30,0,1
11,443,170,613,0,97.96,0,191,3,18,0,0
35,737,6,743,0,40.09,0,122,14,34,0,1
20,460,283,743,6,83.4,0,174,5,68,0,0
29,400,36,436,6,60.5,1,157,13,57,0,1
34,242,266,508,1,34.15,1,197,8,56,0,0
7,69,312,381,0,71.48,1,179,7,11,0,1
18,701,86,787,6,83.39,0,155,3,0,1,0
6,660,244,904,3,65.5,1,171,16,60,0,0
11,130,121,251,4,86.99,0,172,14,85,0,0
17,563,159,722,2,49.27,0,58,7,32,0,0
34,291,211,502,7,93.1,0,122,15,40,0,0
34,349,99,448,7,71.87,1,197,19,86,0,1
16,678,318,996,0,84.25,0,174,14,20,0,1
13,673,157,830,0,41.84,1,29,19,46,0,0
21,152,184,336,5,55.69,1,31,9,7,0,1
36,246,325,571,6,92.77,1,48,8,23,0,1
39,657,91,748,1,24.07,0,150,17,33,0,1
9,733,180,913,1,52.32,1,84,13,61,0,1
8,63,397,460,6,82.43,1,129,12,27,0,1
28,666,159,825,4,79.51,1,36,13,41,0,1
12,391,46,437,1,88.13,1,21,19,26,0,1
8,472,113,585,6,79.15,0,156,14,12,0,1
2,60,382,442,0,95.77,0,65,16,71,0,0
16,544,303,847,2,59.86,0,18,1,60,0,1
16,542,323,865,7,69.94,1,51,14,58,0,0
22,530,101,631,2,87.82,0,71,7,52,0,0
8,632,335,967,0,76.14,0,86,3,11,0,0
28,756,157,913,9,28.16,1,180,6,46,0,0
27,679,317,996,2,49.36,0,47,16,63,0,1
19,595,352,947,5,64.21,1,124,16,44,0,0
8,785,83,868,8,80.38,1,62,6,65,0,1
20,539,375,914,9,63.49,0,104,4,29,0,1
27,537,253,790,8,82.2,1,66,8,46,0,1
15,433,292,725,3,87.01,1,75,7,34,0,0
11,615,302,917,8,41.21,0,123,9,89,0,1
20,57,67,124,0,69.29,1,122,15,16,0,0
14,404,298,702,3,64.57,0,35,7,25,0,0
16,340,85,425,1,38.19,0,39,4,61,0,0
14,730,108,838,5,59.19,0,55,3,5,1,0
12,58,46,104,8,63.89,1,180,14,46,0,0
28,515,72,587,7,85.39,1,70,4,2,1,1
18,147,391,538,9,56.88,1,119,5,47,0,1
19,706,131,837,1,26.47,1,95,16,28,0,1
26,681,154,835,7,58.98,0,77,2,17,0,1
15,188,191,379,7,87.04,0,17,13,44,0,0
4,697,285,982,4,65.7,0,93,1,29,0,0
34,397,229,626,0,45.51,1,199,18,7,0,0
3,776,214,990,1,93.68,0,188,14,47,0,0
23,583,334,917,9,32.45,1,67,16,50,0,1
11,27,198,225,2,46.15,1,111,13,59,0,0
9,162,307,469,6,54.97,0,64,8,81,0,0
2,322,364,686,9,79.04,0,185,19,63,0,0
36,169,270,439,4,86.86,1,115,15,71,0,0
17,105,14,119,2,24.68,0,184,2,58,0,0
14,782,105,887,4,83.36,1,172,11,60,0,0
29,695,247,942,2,77.64,1,72,11,71,0,0
2,347,191,538,1,91.57,0,96,6,59,0,0
23,172,113,285,8,92.04,0,118,9,45,0,1
20,145,134,279,3,82.2,1,57,19,65,0,0
22,732,31,763,6,35.22,1,168,2,86,0,1
5,265,93,358,7,45.11,1,117,18,44,0,0
38,10,313,323,5,94.91,1,49,14,20,0,1
10,317,4,321,5,67.85,1,101,3,36,0,0
27,363,334,697,1,63.1,0,166,6,1,1,0
30,498,135,633,5,93.26,0,90,16,27,0,1
14,270,323,593,7,89.94,0,144,14,79,0,1
6,738,102,840,1,78.2,1,196,2,8,0,1
12,514,331,845,2,90.58,0,73,3,79,0,0
32,789,228,1017,6,29.11,1,199,18,50,0,0
36,293,340,633,9,80.6,1,88,3,28,0,1
37,521,24,545,3,97.25,1,116,12,42,0,0
9,292,318,610,8,23.92,1,156,19,79,0,0
24,559,108,667,1,37.84,0,22,4,10,0,1
6,596,143,739,5,83.52,1,143,1,50,0,1
28,257,17,274,9,61.6,1,117,16,24,0,0
17,750,381,1131,4,26.93,1,134,19,48,0,1
28,685,256,941,5,41.44,1,190,10,70,0,1
27,715,392,1107,1,45.92,1,102,5,82,0,1
39,174,227,401,5,45.69,0,185,2,23,0,1
20,574,63,637,5,90.21,1,117,18,59,0,1
14,85,134,219,9,72.96,0,50,16,38,0,1
21,84,175,259,2,78.79,0,133,18,45,0,1
7,778,58,836,3,21.09,1,46,15,14,0,0
5,122,372,494,6,54.2,1,180,9,77,0,1
21,691,383,1074,9,45.43,1,38,10,15,0,1
33,344,225,569,2,88.15,0,104,8,3,1,1
21,242,233,475,6,96.31,1,165,14,68,0,0
31,58,281,339,8,53.87,1,11,2,36,0,0
7,540,271,811,6,97.84,0,103,1,6,1,1
18,577,25,602,4,21.15,1,106,19,61,0,1
24,373,212,585,2,46.06,1,74,7,25,0,0
14,647,310,957,2,81.99,1,137,1,87,0,0
1,258,322,580,0,48.81,0,71,13,88,0,0
3,441,238,679,1,93.68,1,81,8,49,0,0
37,229,358,587,4,37.48,1,62,5,42,0,1
24,465,234,699,1,83.65,1,128,9,40,0,0
11,108,153,261,0,36.14,0,177,9,54,0,0
11,380,177,557,6,35.77,0,43,12,81,0,0
2,439,276,715,0,55.66,0,87,18,57,0,0
37,445,354,799,1,95.6,1,52,17,8,0,1
5,357,91,448,5,66.84,1,56,16,17,0,1
30,514,117,631,9,70.8,1,194,10,56,0,0
10,409,260,669,7,20.78,1,144,11,33,0,0
14,226,305,531,0,24.53,1,189,3,43,0,1
11,172,159,331,1,25.35,0,130,11,36,0,0
33,518,257,775,7,85.57,1,136,13,53,0,1
2,750,2,752,7,38.95,0,145,17,20,0,1
14,602,116,718,3,46.31,0,134,1,6,1,1
11,510,382,892,9,68.8,1,166,17,21,0,1
11,737,230,967,8,66.72,1,71,10,60,0,1
8,719,347,1066,7,52.84,1,29,2,54,0,1
36,405,87,492,7,20.34,0,102,19,72,0,1
15,87,116,203,7,55.97,0,10,9,9,0,0
17,507,389,896,1,79.11,0,18,8,12,0,0
16,498,399,897,7,38.82,1,19,4,11,0,1
39,221,350,571,9,76.67,1,24,2,50,0,1
14,679,126,805,2,21.21,0,144,2,51,0,0
14,695,320,1015,0,92.64,1,123,6,14,0,0
13,264,183,447,3,96.0,1,187,6,40,0,0
13,381,337,718,2,20.2,0,65,9,4,1,1
4,156,340,496,9,56.63,0,72,12,55,0,0
24,142,173,315,4,53.11,1,103,19,51,0,1
1,212,121,333,6,87.35,0,158,16,2,1,1
9,292,389,681,9,63.26,0,186,10,7,0,0
8,218,180,398,7,68.91,1,148,18,63,0,0
12,121,172,293,7,36.2,0,106,11,80,0,1
30,357,266,623,9,26.17,0,195,9,76,0,1
24,498,374,872,6,75.39,1,44,5,51,0,1
39,260,52,312,2,69.65,1,99,9,47,0,0
14,426,393,819,7,86.59,1,56,1,72,0,0
37,217,168,385,3,87.57,0,41,3,75,0,0
2,563,10,573,3,70.48,1,85,18,81,0,0
20,518,123,641,6,63.07,0,155,4,35,0,0
32,768,184,952,3,93.12,0,70,11,42,0,1
21,42,270,312,0,84.1,1,165,2,7,0,0
37,682,226,908,9,90.59,0,126,12,15,0,1
13,272,54,326,5,99.67,1,144,19,33,0,0
2,52,195,247,6,52.28,0,56,9,72,0,0
31,551,93,644,8,77.35,0,174,3,40,0,1
3,137,107,244,6,75.05,1,48,1,52,0,0
30,140,284,424,6,33.93,1,80,15,77,0,1
29,783,321,1104,7,70.92,1,158,2,42,0,1
33,176,62,238,2,54.25,0,141,7,30,0,0
19,437,240,677,8,56.05,1,66,17,65,0,1
35,160,168,328,7,34.41,1,60,11,28,0,1
7,99,134,233,1,79.58,1,92,17,34,0,0
17,0,285,285,1,75.84,0,94,17,79,0,0
5,12,99,111,8,62.58,0,21,13,39,0,0
30,379,306,685,8,32.54,1,56,18,22,0,1
28,347,160,507,9,64.55,0,39,1,75,0,1
32,31,37,68,1,28.01,0,39,5,57,0,0
30,279,316,595,8,47.15,1,77,6,69,0,0
13,218,340,558,8,49.79,1,16,18,29,0,1
3,457,225,682,7,90.67,1,138,12,70,0,1
37,795,289,1084,4,53.24,1,137,5,85,0,1
20,553,59,612,5,67.88,0,51,4,14,0,1
4,734,135,869,4,89.98,1,176,16,17,0,0
37,153,139,292,0,54.06,0,122,17,50,0,1
39,172,305,477,5,90.7,0,69,1,65,0,0
18,600,140,740,2,30.92,0,46,7,0,1,1
31,248,291,539,2,49.19,0,91,11,49,0,0
2,679,122,801,0,27.58,1,192,5,11,0,0
4,370,240,610,4,64.87,0,10,14,88,0,0
11,160,83,243,0,96.58,1,13,15,65,0,1
26,675,223,898,8,72.56,1,88,16,89,0,0
6,440,32,472,8,70.09,1,184,15,19,0,0
2,642,293,935,8,42.25,0,63,16,71,0,1
27,361,11,372,3,94.49,1,152,7,34,0,0
31,100,399,499,1,57.72,1,119,6,9,0,1
29,544,335,879,5,41.36,0,47,7,43,0,0
32,99,231,330,6,99.02,0,182,17,42,0,0
32,530,363,893,0,53.85,0,41,13,45,0,0
24,333,323,656,8,49.72,1,106,7,76,0,0
21,633,57,690,4,22.8,0,135,14,25,0,1
34,696,297,993,8,34.26,1,138,5,57,0,1
14,325,150,475,0,84.74,0,172,6,17,0,1
4,705,342,1047,4,58.62,1,144,1,79,0,1
30,88,345,433,4,96.39,0,134,19,41,0,0
11,85,381,466,0,26.71,1,38,5,71,0,0
39,794,180,974,7,69.28,0,68,15,24,0,1
17,459,77,536,9,77.6,1,75,3,28,0,0
34,360,50,410,5,69.69,0,80,1,88,0,0
2,124,66,190,3,62.39,1,31,13,17,0,0
26,231,396,627,6,66.26,1,28,2,50,0,1
18,548,234,782,3,75.16,1,93,3,29,0,1
19,657,140,797,3,89.06,0,147,7,35,0,0
11,733,179,912,7,46.91,1,178,12,62,0,1
38,326,69,395,5,56.77,0,188,1,70,0,1
16,363,228,591,2,70.87,0,101,3,43,0,0
34,130,170,300,4,45.14,0,180,7,57,0,0
17,66,319,385,8,34.3,0,96,14,3,1,1
2,350,8,358,5,97.29,1,99,2,21,0,0
35,463,372,835,0,35.58,1,49,6,66,0,1
8,83,24,107,8,38.62,1,129,4,59,0,0
11,326,166,492,7,69.49,1,68,6,4,1,1
34,513,136,649,2,26.19,1,102,5,80,0,1
35,648,287,935,9,22.72,0,187,13,36,0,1
36,750,263,1013,9,25.12,1,113,2,27,0,1
17,272,78,350,9,29.86,0,67,18,41,0,1
30,313,196,509,3,54.34,0,137,5,35,0,0
13,699,213,912,9,86.34,1,148,19,45,0,0
29,554,185,739,8,47.36,1,125,14,14,0,1
20,218,8,226,8,54.2,0,18,7,12,0,1
3,548,71,619,5,68.02,1,52,6,89,0,0
17,126,201,327,2,44.17,1,34,18,67,0,0
19,359,104,463,2,54.6,0,191,19,32,0,1
11,245,218,463,9,50.9,1,69,12,76,0,0
15,794,65,859,5,47.35,1,100,1,71,0,0
20,27,294,321,9,51.07,0,181,18,62,0,1
2,685,75,760,5,20.89,0,198,10,64,0,0
6,224,259,483,5,90.9,0,51,1,85,0,0
30,28,334,362,0,98.19,1,173,16,75,0,0
14,528,143,671,4,89.0,0,148,1,23,0,0
24,542,55,597,5,20.46,1,126,8,65,0,1
23,113,2,115,1,80.07,0,41,2,14,0,0
22,30,144,174,1,65.85,1,141,9,45,0,0
17,89,46,135,5,27.53,1,126,16,6,1,1
19,327,352,679,2,94.63,0,94,3,15,0,0
33,105,389,494,7,82.1,1,121,3,64,0,1
38,562,392,954,4,31.62,1,50,19,33,0,1
11,62,368,430,4,97.12,1,128,4,14,0,1
27,631,234,865,1,30.1,1,39,3,88,0,1
38,699,130,829,4,56.37,0,64,12,84,0,1
1,573,178,751,5,32.72,1,104,6,20,0,1
31,755,103,858,5,32.02,1,40,19,53,0,1
20,751,336,1087,2,97.42,0,183,4,26,0,0
38,37,174,211,0,65.77,0,178,11,72,0,0
23,273,154,427,9,40.73,0,100,18,61,0,0
33,608,275,883,9,82.11,1,118,14,39,0,0
7,271,149,420,9,90.02,1,65,1,83,0,0
6,589,142,731,2,93.41,0,50,4,66,0,0
37,619,90,709,6,94.64,1,192,3,13,0,1
21,797,26,823,1,92.45,1,88,18,39,0,1
22,263,15,278,9,71.11,0,191,4,74,0,0
7,278,161,439,0,47.4,1,22,2,48,0,0
9,19,398,417,4,94.05,1,30,8,8,0,0
32,228,104,332,8,29.8,0,100,6,69,0,1
12,224,256,480,7,33.5,1,158,4,43,0,1
23,362,129,491,8,54.71,1,90,9,21,0,1
13,336,121,457,4,42.69,0,169,18,73,0,0
11,685,65,750,0,69.26,0,35,5,79,0,0
7,619,225,844,0,92.42,0,172,19,52,0,0
37,582,263,845,1,59.28,0,94,13,64,0,0
37,4,140,144,0,64.31,0,64,8,21,0,0
5,377,210,587,4,53.85,1,131,13,67,0,0
14,583,190,773,0,76.61,0,157,7,81,0,0
22,195,108,303,1,28.06,1,186,5,21,0,1
15,339,276,615,4,23.89,1,26,5,84,0,0
29,581,221,802,7,71.31,0,143,1,8,0,1
11,635,26,661,6,62.79,1,69,13,40,0,0
3,683,197,880,0,52.59,0,105,2,6,1,1
14,343,155,498,9,46.72,1,97,4,40,0,1
24,319,318,637,5,24.14,0,156,1,58,0,1
8,306,122,428,3,74.44,0,85,2,78,0,0
32,534,382,916,3,53.72,1,63,18,13,0,1
1,335,246,581,8,55.62,1,102,1,79,0,1
3,320,52,372,4,91.48,1,137,12,89,0,0
20,134,161,295,2,79.0,1,170,7,5,1,1
20,382,353,735,4,37.56,0,10,3,86,0,0
12,189,101,290,0,72.57,1,118,6,81,0,0
11,419,281,700,1,30.58,0,23,2,2,1,0
3,710,313,1023,3,35.53,0,127,6,5,1,1
26,620,277,897,2,77.13,1,128,16,65,0,1
15,382,36,418,3,30.07,0,172,12,37,0,1
5,782,149,931,0,42.42,1,46,16,23,0,1
16,784,139,923,6,91.84,0,160,14,36,0,1
37,355,137,492,1,79.07,0,140,18,30,0,0
11,610,351,961,2,94.36,0,136,3,87,0,0
35,273,2,275,9,90.55,1,130,4,21,0,1
11,702,215,917,0,45.01,1,114,8,7,0,1
8,298,392,690,2,70.59,0,22,10,74,0,0
11,206,350,556,5,50.3,0,164,15,75,0,0
13,107,242,349,3,75.77,0,84,3,80,0,0
5,674,399,1073,3,47.88,1,29,3,87,0,0
23,237,160,397,1,20.11,1,126,16,3,1,1
14,650,244,894,4,27.52,0,189,11,69,0,1
29,69,217,286,7,81.68,1,145,8,24,0,0
20,400,18,418,5,26.72,0,56,5,37,0,1
18,342,16,358,9,67.95,0,165,14,40,0,1
19,351,358,709,6,88.62,0,170,16,88,0,0
7,133,69,202,7,79.29,1,72,1,46,0,0
28,59,141,200,4,53.08,1,109,2,20,0,1
5,277,249,526,6,36.69,1,168,15,7,0,0
29,376,230,606,5,93.8,0,39,17,53,0,0
39,634,205,839,8,65.31,1,77,5,74,0,1
30,369,391,760,5,52.43,1,96,14,63,0,1
18,196,314,510,4,95.36,1,11,17,84,0,0
13,209,376,585,0,37.2,1,41,3,3,1,0
35,489,263,752,8,55.38,1,125,4,36,0,1
11,348,391,739,4,28.69,1,60,3,55,0,0
19,720,240,960,7,29.99,1,55,16,77,0,1
31,351,216,567,6,51.89,1,66,15,28,0,1
36,453,326,779,0,75.97,0,33,3,60,0,0
36,51,347,398,6,47.11,0,131,4,18,0,0
4,155,27,182,4,75.17,1,59,13,53,0,0
36,680,364,1044,2,84.42,1,133,18,69,0,1
5,275,276,551,2,90.21,0,167,15,73,0,0
23,336,359,695,6,23.58,0,100,4,40,0,1
37,472,286,758,0,81.9,1,183,8,42,0,1
26,46,370,416,6,31.77,1,47,2,79,0,0
37,405,110,515,8,75.86,0,192,5,49,0,0
14,276,75,351,0,49.73,0,71,11,31,0,1
13,118,78,196,0,76.62,0,67,7,24,0,0
13,334,100,434,0,37.11,1,196,12,64,0,0
14,357,85,442,7,71.6,1,96,6,64,0,0
27,149,176,325,8,30.04,0,152,11,48,0,1
18,434,79,513,9,33.58,0,162,13,14,0,1
29,596,63,659,0,69.16,0,95,4,14,0,1
17,213,209,422,4,46.94,0,70,1,21,0,0
13,773,317,1090,0,76.3,0,103,7,1,1,1
8,489,54,543,3,74.81,0,83,1,43,0,0
22,618,204,822,3,69.73,0,89,4,37,0,0
36,56,263,319,6,78.44,1,55,6,34,0,0
34,613,282,895,9,83.51,1,183,7,84,0,0
10,269,42,311,8,92.91,0,118,6,21,0,0
19,568,293,861,0,26.44,0,161,2,72,0,0
28,643,10,653,2,65.72,0,135,4,17,0,0
24,200,94,294,2,79.9,0,77,17,55,0,0
3,207,127,334,2,37.36,1,70,14,77,0,0
24,47,341,388,3,41.09,0,196,9,75,0,1
2,484,76,560,6,41.36,1,14,1,53,0,1
5,619,312,931,7,65.79,0,66,7,18,0,1
26,328,395,723,9,49.29,1,149,18,33,0,0
4,128,383,511,7,73.29,0,113,16,38,0,1
14,253,121,374,2,68.82,0,127,15,76,0,0
23,322,38,360,1,72.57,0,14,5,33,0,0
26,732,88,820,3,40.19,1,51,8,74,0,0
18,99,307,406,7,81.39,0,123,1,85,0,0
4,274,78,352,9,73.12,1,69,17,9,0,0
32,510,258,768,3,30.45,1,99,3,84,0,1
38,189,149,338,1,36.01,1,191,12,51,0,1
35,707,306,1013,0,44.08,1,131,6,54,0,0
30,727,242,969,0,94.88,1,129,11,27,0,0
16,304,234,538,6,46.11,1,47,16,30,0,1
35,596,312,908,5,21.59,0,123,6,48,0,1
20,604,381,985,6,31.33,1,192,1,17,0,1
6,545,145,690,0,22.57,1,131,13,64,0,0
34,149,211,360,4,52.23,0,159,11,60,0,1
13,39,250,289,1,83.77,1,191,3,0,1,1
37,277,329,606,3,56.03,1,181,1,18,0,1
15,104,192,296,6,87.12,0,74,10,46,0,0
34,233,149,382,2,23.8,0,66,12,66,0,1
21,510,338,848,6,57.58,0,63,3,26,0,1
19,471,381,852,2,82.97,0,156,12,79,0,0
12,167,227,394,5,73.98,0,81,9,48,0,0
33,14,41,55,4,88.23,0,166,3,48,0,0
3,180,115,295,3,41.91,1,162,12,9,0,1
19,363,185,548,1,60.07,0,136,13,56,0,0
15,623,281,904,5,74.15,0,32,3,73,0,1
22,292,267,559,9,33.48,0,145,13,19,0,1
10,228,328,556,6,85.26,1,49,5,48,0,1
26,441,11,452,7,44.92,1,114,12,0,1,1
16,57,186,243,8,27.46,1,53,16,18,0,0
8,180,280,460,0,81.26,1,21,18,6,1,1
8,29,394,423,7,76.4,0,130,5,69,0,0
28,420,56,476,2,90.69,1,95,7,89,0,0
11,354,351,705,6,91.37,0,131,2,3,1,1
12,466,3,469,9,42.28,0,103,19,63,0,0
25,493,78,571,8,71.31,0,80,7,53,0,1
13,316,338,654,4,99.93,0,12,16,63,0,0
16,695,314,1009,8,39.5,0,62,18,45,0,1
10,734,389,1123,6,57.83,0,177,10,89,0,1
14,88,240,328,1,92.81,1,153,14,3,1,0
28,736,246,982,2,28.25,1,98,9,13,0,1
21,157,213,370,9,94.26,1,16,11,22,0,1
39,198,204,402,9,59.05,0,197,5,70,0,1
31,423,205,628,8,91.44,1,150,16,6,1,1
1,23,117,140,3,69.71,0,14,3,11,0,0
15,291,341,632,3,73.71,1,49,13,65,0,1
12,155,142,297,8,81.84,1,42,18,37,0,1
23,386,244,630,0,25.37,0,181,16,63,0,1
11,651,267,918,8,70.22,0,191,15,32,0,1
38,739,215,954,6,93.91,1,88,13,8,0,1
12,169,244,413,6,96.49,1,43,18,53,0,1
21,435,19,454,4,97.47,0,132,17,9,0,1
5,379,126,505,9,71.67,0,61,6,43,0,1
36,332,179,511,7,70.66,0,32,12,79,0,0
36,506,157,663,0,64.2,0,59,9,16,0,1
31,791,363,1154,5,68.6,0,58,6,18,0,1
14,324,358,682,8,68.97,1,20,16,85,0,1
3,52,284,336,0,23.39,0,143,1,27,0,0
28,732,140,872,7,27.11,0,76,3,33,0,0
17,745,20,765,2,69.55,1,114,3,61,0,1
39,257,302,559,5,45.14,1,114,4,11,0,1
28,401,353,754,8,44.11,1,156,10,5,1,1
22,690,195,885,4,35.48,1,154,18,75,0,1
39,403,330,733,0,84.09,0,117,19,85,0,0
32,384,372,756,0,97.15,0,169,18,88,0,0
18,737,218,955,7,70.22,0,118,15,2,1,1
1,663,83,746,9,95.63,0,14,9,47,0,0
4,405,8,413,2,90.71,1,173,15,76,0,0
18,129,302,431,9,37.43,0,156,6,76,0,1
22,350,224,574,4,32.28,1,90,13,32,0,0
2,541,61,602,0,36.93,1,83,1,44,0,0
5,217,21,238,5,27.7,1,180,18,13,0,1
28,429,387,816,9,66.63,0,90,19,12,0,1
30,527,128,655,2,42.61,0,80,14,33,0,0
2,68,130,198,9,93.03,0,149,4,20,0,0
20,455,251,706,6,69.07,0,72,5,87,0,0
4,590,145,735,3,48.77,0,86,15,7,0,0
29,171,365,536,6,98.77,1,158,10,47,0,1
33,438,272,710,4,96.26,0,52,11,50,0,0
34,567,143,710,0,82.29,1,12,8,5,1,1
24,35,106,141,8,83.33,0,73,16,39,0,1
25,515,344,859,3,98.18,0,42,4,84,0,0
37,207,236,443,5,68.04,0,78,9,9,0,1
24,317,367,684,7,90.4,0,23,5,12,0,1
18,518,138,656,0,25.19,0,121,14,14,0,0
30,3,8,11,7,64.33,0,107,6,4,1,1
24,13,359,372,3,60.2,1,61,6,79,0,0
33,357,95,452,5,23.02,1,129,4,4,1,0
21,759,338,1097,4,26.96,1,37,17,25,0,1
34,4,283,287,7,21.75,0,11,5,74,0,1
2,631,92,723,1,43.52,0,100,17,89,0,0
2,59,302,361,1,24.28,1,40,18,13,0,0
4,391,32,423,4,53.85,1,172,19,32,0,0
22,344,156,500,1,85.02,1,67,7,16,0,0
28,374,142,516,2,69.11,0,91,13,17,0,1
9,65,262,327,6,73.9,0,65,16,84,0,1
7,602,213,815,8,22.52,1,92,2,30,0,1
34,220,244,464,6,87.16,0,28,2,55,0,0
30,616,190,806,3,31.7,1,187,4,14,0,1
26,524,295,819,8,44.21,0,42,19,25,0,1
20,441,64,505,4,61.34,0,85,2,32,0,0
17,246,287,533,1,94.4,0,170,15,52,0,1
1,521,20,541,7,99.85,0,91,16,81,0,0
8,798,34,832,5,82.61,1,143,18,21,0,1
35,738,289,1027,3,78.35,0,22,11,58,0,0
14,733,63,796,6,62.21,1,66,10,44,0,1
28,175,308,483,7,73.25,1,154,15,71,0,0
28,468,53,521,2,31.55,0,60,13,30,0,1
13,318,58,376,1,41.54,0,88,15,38,0,0
8,773,372,1145,5,98.77,1,25,7,56,0,1
27,760,70,830,0,98.37,1,105,18,39,0,0
4,694,365,1059,6,45.84,0,76,9,68,0,1
20,130,139,269,4,39.28,1,173,5,1,1,1
35,255,318,573,2,38.36,1,85,15,31,0,1
28,569,375,944,5,58.79,1,167,12,15,0,1
30,599,46,645,3,37.9,1,181,1,12,0,1
4,280,132,412,3,71.88,0,169,4,4,1,0
8,109,229,338,2,25.99,0,151,1,32,0,1
11,109,346,455,6,28.29,0,120,11,19,0,0
12,547,74,621,9,42.15,1,101,17,68,0,0
8,363,74,437,6,82.2,1,25,7,45,0,0
38,392,147,539,2,45.86,1,35,3,70,0,1
7,652,81,733,8,57.67,1,82,17,79,0,1
28,13,106,119,1,72.53,0,134,14,70,0,0
23,603,51,654,2,83.08,1,10,11,37,0,0
24,219,331,550,0,44.57,1,187,4,87,0,1
9,744,318,1062,8,78.48,0,198,13,34,0,1
12,764,57,821,0,42.89,0,24,7,74,0,0
24,401,214,615,5,71.56,1,28,5,15,0,1
12,252,258,510,1,56.07,0,171,6,87,0,0
28,186,251,437,2,94.13,0,47,2,27,0,0
2,145,393,538,6,98.57,1,44,10,56,0,0
3,799,256,1055,8,81.93,0,45,15,31,0,1
29,150,274,424,0,93.24,0,143,16,20,0,0
25,357,13,370,1,30.92,0,35,14,29,0,0
2,383,31,414,2,72.36,0,44,17,54,0,0
36,543,247,790,9,35.87,0,85,19,10,0,1
1,674,363,1037,0,42.16,0,124,5,17,0,1
38,446,159,605,1,61.83,1,198,9,82,0,0
29,606,257,863,4,79.36,0,55,7,7,0,0
39,453,84,537,3,77.72,0,58,14,65,0,0
38,349,182,531,0,89.56,0,112,16,27,0,0
13,126,300,426,5,64.74,1,89,17,28,0,1
30,166,263,429,6,94.11,0,124,2,32,0,0
9,345,45,390,1,91.03,0,56,10,34,0,0
19,36,351,387,6,87.92,1,127,3,63,0,1
10,253,370,623,0,38.36,1,185,7,72,0,0
19,370,190,560,7,62.52,0,139,10,32,0,0
35,378,136,514,2,78.9,0,149,12,15,0,1
18,651,212,863,2,98.09,1,23,16,0,1,1
4,774,320,1094,1,20.93,1,181,19,65,0,1
13,583,180,763,8,46.17,1,143,7,82,0,0
31,63,12,75,5,47.39,1,129,11,3,1,0
21,326,29,355,6,43.08,0,39,2,53,0,0
22,583,324,907,2,85.39,0,115,3,19,0,0
17,475,314,789,0,23.61,1,138,19,18,0,1
12,366,308,674,0,48.75,0,128,18,74,0,0
24,348,50,398,4,76.93,1,33,18,22,0,1
25,324,68,392,3,52.54,1,17,5,27,0,0
36,463,157,620,7,31.53,1,101,13,11,0,0
25,143,92,235,7,68.87,0,146,5,81,0,0
39,414,154,568,3,61.81,1,83,13,81,0,0
33,164,223,387,4,98.55,1,140,10,82,0,1
4,544,112,656,3,79.88,0,193,18,20,0,1
16,691,49,740,6,98.89,1,179,8,16,0,0
16,406,161,567,6,34.91,0,129,13,84,0,1
1,310,289,599,6,80.93,1,148,13,55,0,0
8,752,247,999,0,64.13,1,26,15,23,0,0
30,527,128,655,3,77.0,0,26,1,4,1,1
14,342,124,466,9,57.4,1,143,9,71,0,1
6,23,233,256,3,36.99,0,162,9,72,0,1
12,12,69,81,1,23.66,1,46,5,0,1,1
11,177,333,510,1,87.06,0,122,16,43,0,0
7,189,347,536,0,85.18,1,64,16,43,0,0
4,577,10,587,7,33.0,0,30,2,41,0,1
30,400,388,788,0,71.61,0,81,14,33,0,0
33,799,9,808,5,79.02,1,95,17,29,0,1
20,432,183,615,3,64.61,0,157,6,30,0,0
25,722,266,988,0,45.38,1,174,13,82,0,0
36,441,130,571,8,90.48,1,189,12,89,0,0
33,286,81,367,7,71.4,1,29,1,10,0,1
2,571,18,589,8,77.62,0,185,16,64,0,0
38,359,290,649,9,72.17,0,108,15,51,0,1
3,219,14,233,9,77.7,1,42,6,23,0,0
2,378,193,571,7,31.61,1,132,6,16,0,1
16,531,157,688,5,93.81,1,21,15,67,0,0
30,300,387,687,6,42.86,1,97,16,32,0,1
4,563,372,935,4,86.92,0,167,2,11,0,0
12,784,327,1111,1,91.47,1,194,7,87,0,0
11,329,292,621,3,72.1,0,64,12,83,0,0
16,236,217,453,4,67.86,1,43,3,37,0,0
39,321,139,460,0,28.72,1,120,19,38,0,0
13,670,66,736,8,54.9,0,39,4,37,0,1
9,143,387,530,9,68.93,1,195,17,17,0,0
5,778,153,931,4,26.55,1,72,2,9,0,0
8,331,171,502,4,28.92,1,45,17,24,0,1
6,673,56,729,8,99.48,1,55,1,34,0,1
23,629,110,739,4,46.58,0,81,13,13,0,0
17,626,253,879,6,47.98,0,150,7,3,1,1
20,727,170,897,5,40.12,0,174,9,83,0,1
33,147,234,381,2,71.68,0,149,3,78,0,0
23,474,84,558,7,57.85,0,133,13,27,0,1
7,79,32,111,1,83.23,0,61,12,55,0,0
15,239,354,593,2,61.0,0,188,7,12,0,0
13,32,172,204,6,21.23,1,199,9,83,0,0
33,545,144,689,7,58.61,0,130,11,73,0,1
12,486,114,600,9,24.41,0,158,14,15,0,1
6,592,263,855,7,86.14,1,67,11,19,0,1
29,140,225,365,0,29.09,1,94,2,29,0,0
17,265,155,420,8,37.36,0,162,11,8,0,1
4,541,372,913,4,56.8,0,90,7,31,0,0
27,661,360,1021,0,35.61,1,154,8,60,0,0
9,708,79,787,5,63.14,0,173,8,65,0,0
34,58,256,314,1,56.86,1,187,7,0,1,1
33,322,387,709,4,96.2,0,65,5,31,0,0
15,8,195,203,4,27.07,1,100,7,74,0,0
22,654,12,666,0,66.14,0,83,14,78,0,0
23,98,52,150,8,77.63,1,105,5,50,0,0
26,657,267,924,5,30.21,1,151,15,66,0,0
3,124,360,484,9,70.92,0,71,9,22,0,1
13,12,51,63,4,89.14,0,54,12,78,0,0
7,703,218,921,5,83.0,1,61,3,42,0,1
28,351,198,549,8,94.81,0,155,4,62,0,1
3,339,114,453,2,77.65,0,199,18,23,0,0
21,517,252,769,9,51.52,1,29,16,15,0,0
29,219,351,570,1,93.64,0,195,2,47,0,0
37,552,95,647,9,38.03,0,16,18,47,0,1
12,343,21,364,6,66.7,1,110,16,51,0,0
1,218,143,361,5,81.25,0,35,3,72,0,0
29,315,125,440,2,89.78,0,191,5,69,0,0
1,4,290,294,5,93.32,1,154,4,27,0,0
3,241,214,455,5,26.8,0,77,17,41,0,1
39,473,7,480,9,78.08,0,140,17,7,0,1
34,110,135,245,8,36.33,1,171,14,70,0,1
28,94,294,388,4,82.33,0,51,5,12,0,0
33,524,190,714,3,76.06,0,130,18,6,1,0
3,342,225,567,3,34.51,0,66,17,46,0,0
4,109,105,214,3,86.63,0,146,17,82,0,0
12,598,127,725,0,56.94,1,117,7,33,0,0
1,620,52,672,0,63.51,0,146,14,16,0,0
35,27,32,59,7,97.71,0,130,13,16,0,0
3,161,14,175,2,72.53,0,130,3,75,0,0
22,296,249,545,4,67.09,1,26,12,59,0,0
34,585,63,648,6,21.34,1,171,11,44,0,1
29,59,229,288,6,35.94,0,42,12,83,0,1
10,644,381,1025,3,22.13,1,84,7,9,0,1
19,255,278,533,7,46.66,0,107,13,55,0,0
22,100,230,330,1,47.56,0,171,17,32,0,0
30,690,46,736,4,62.43,1,129,12,21,0,0
17,69,195,264,1,75.18,1,44,17,82,0,0
12,103,356,459,5,34.35,1,64,15,86,0,0
32,759,153,912,0,68.13,1,47,6,75,0,0
35,415,330,745,9,93.36,1,122,14,13,0,1
20,370,283,653,6,34.8,1,146,13,65,0,1
2,549,106,655,2,72.73,1,144,18,32,0,0
20,504,56,560,6,23.65,1,152,7,34,0,1
35,490,6,496,3,62.49,0,143,4,17,0,1
39,18,110,128,5,79.32,1,181,13,52,0,0
16,441,133,574,1,22.72,1,182,13,77,0,1
6,222,262,484,5,46.69,1,62,12,20,0,1
23,646,229,875,1,90.24,1,67,15,48,0,0
33,404,191,595,1,38.04,1,20,10,58,0,1
37,99,289,388,5,77.83,0,60,1,56,0,1
3,708,308,1016,5,68.98,0,106,17,23,0,1
12,227,285,512,2,33.1,0,135,6,2,1,0
19,217,358,575,0,79.34,0,176,5,74,0,0
4,749,143,892,4,62.57,1,122,16,53,0,0
35,620,329,949,9,28.96,0,194,16,63,0,1
5,687,168,855,7,95.95,1,115,10,47,0,0
26,529,73,602,0,59.36,1,172,14,34,0,1
36,728,58,786,9,79.61,0,163,2,22,0,1
27,92,36,128,4,37.42,0,103,6,59,0,1
30,479,382,861,5,30.97,1,175,5,74,0,1
11,234,67,301,0,79.3,1,174,9,29,0,0
33,318,334,652,3,73.91,0,69,7,2,1,1
17,190,313,503,7,41.93,0,50,2,14,0,1
3,164,175,339,3,79.7,1,33,14,52,0,1
15,354,365,719,1,60.4,1,185,12,21,0,0
14,734,363,1097,0,47.89,1,94,8,73,0,0
21,508,370,878,9,82.95,0,117,17,24,0,1
11,279,198,477,8,69.34,0,61,7,44,0,1
19,346,119,465,0,60.58,0,83,3,20,0,1
17,423,17,440,9,81.85,0,86,17,40,0,0
13,195,336,531,8,63.59,0,120,3,61,0,1
28,416,349,765,3,95.08,1,43,2,71,0,0
12,556,214,770,6,85.44,1,158,10,66,0,0
30,194,28,222,2,48.66,1,84,12,45,0,0
10,467,329,796,2,57.19,0,55,6,41,0,0
34,566,119,685,7,96.59,1,12,16,29,0,0
15,415,219,634,2,91.62,0,29,6,88,0,0
2,233,263,496,3,35.29,1,61,19,66,0,0
6,443,58,501,3,41.94,1,149,13,80,0,0
32,634,25,659,1,49.15,1,172,4,66,0,0
35,177,31,208,8,90.39,1,190,8,7,0,1
9,459,383,842,6,94.19,0,66,2,23,0,1
24,544,382,926,8,84.19,1,131,17,41,0,1
23,257,170,427,5,42.06,1,60,13,28,0,1
6,310,170,480,1,90.97,1,37,9,81,0,0
18,711,162,873,2,22.63,0,113,13,44,0,0
28,290,140,430,3,53.82,0,132,12,19,0,1
38,478,217,695,9,50.21,1,154,12,53,0,1
34,119,142,261,2,62.82,1,32,8,34,0,0
4,740,246,986,6,64.85,0,151,7,11,0,1
10,477,151,628,1,38.03,0,67,5,85,0,1
18,608,251,859,9,36.36,1,62,15,85,0,0
6,482,377,859,6,84.29,1,16,9,69,0,1
23,284,82,366,4,26.1,0,48,9,28,0,1
1,272,25,297,3,59.46,1,102,14,74,0,0
5,560,210,770,3,35.33,1,45,11,25,0,1
2,687,47,734,2,45.57,0,71,19,79,0,0
12,102,92,194,5,42.18,0,110,5,79,0,0
30,676,315,991,8,76.68,0,28,1,15,0,1
7,664,167,831,2,56.48,0,176,9,28,0,1
39,87,219,306,7,43.96,1,68,11,62,0,0
11,86,310,396,5,86.51,0,154,16,21,0,0
2,556,51,607,7,26.86,1,133,13,72,0,0
14,674,191,865,7,81.31,0,152,18,61,0,1
30,315,13,328,0,39.87,1,64,2,20,0,0
5,512,199,711,0,93.44,1,42,11,69,0,0
3,799,89,888,9,20.44,1,37,16,3,1,1
34,258,364,622,1,64.53,0,53,10,34,0,0
24,180,104,284,5,69.78,1,113,6,16,0,1
14,793,80,873,7,66.18,0,128,15,0,1,1
30,224,5,229,5,85.2,0,153,17,66,0,0
33,378,53,431,0,28.97,1,193,5,13,0,0
15,353,86,439,0,53.24,1,167,11,62,0,0
22,418,91,509,6,89.1,1,77,16,6,1,1
1,214,295,509,8,91.1,0,99,3,80,0,0
12,543,355,898,3,59.87,0,191,1,88,0,0
24,553,342,895,5,64.64,1,145,15,28,0,1
8,160,382,542,9,81.11,1,89,15,43,0,0
39,384,359,743,8,82.37,1,168,3,55,0,0
38,45,182,227,5,91.05,1,35,12,53,0,0
11,176,155,331,6,87.51,0,137,14,2,1,1
16,789,259,1048,9,53.15,0,190,19,88,0,1
8,405,127,532,7,71.98,1,110,16,84,0,1
20,498,241,739,4,58.66,1,126,5,43,0,1
5,711,399,1110,6,29.44,1,21,11,49,0,1
16,570,79,649,3,85.73,0,124,14,15,0,0
22,633,307,940,9,68.14,0,65,6,67,0,1
24,569,374,943,0,24.64,0,198,4,46,0,1
24,399,214,613,2,74.15,1,70,9,25,0,0
9,506,142,648,3,42.65,0,69,14,27,0,1
31,230,101,331,2,25.54,1,85,11,7,0,1
27,712,67,779,5,68.53,0,142,12,70,0,1
30,143,128,271,7,78.58,0,190,13,5,1,1
19,707,298,1005,8,61.38,1,75,19,50,0,1
35,702,206,908,5,20.45,0,49,13,73,0,1
16,113,88,201,6,66.15,0,155,3,4,1,0
32,568,216,784,5,20.53,0,112,8,13,0,1
8,791,323,1114,0,94.11,0,96,4,68,0,0
10,457,5,462,7,41.38,1,198,15,74,0,0
21,272,8,280,0,89.68,0,104,19,7,0,1
22,703,383,1086,5,20.97,0,127,15,23,0,1
30,410,299,709,9,27.78,1,196,5,54,0,1
12,97,230,327,7,56.11,0,49,14,48,0,1
35,199,362,561,5,80.69,1,181,1,46,0,0
13,545,235,780,3,95.4,1,192,6,23,0,1
21,364,208,572,8,61.69,1,99,6,48,0,1
37,173,84,257,8,48.44,1,73,9,4,1,1
22,639,324,963,3,23.56,1,40,7,78,0,1
27,96,305,401,1,66.7,1,19,9,48,0,0
36,175,118,293,5,50.4,0,196,1,33,0,1
39,372,294,666,6,92.73,1,91,16,33,0,1
20,31,290,321,9,58.4,1,136,8,33,0,0
17,309,38,347,8,81.24,0,55,16,39,0,1
8,727,64,791,2,87.86,1,71,2,17,0,0
21,752,237,989,2,27.86,0,165,17,54,0,0
36,697,249,946,9,55.27,1,134,12,16,0,1
19,259,263,522,3,91.5,1,51,5,28,0,0
14,51,149,200,4,53.96,0,11,15,78,0,0
5,651,334,985,3,65.21,0,165,15,50,0,1
16,298,178,476,3,89.85,0,25,14,81,0,0
10,599,82,681,5,38.61,0,16,17,59,0,1
39,95,46,141,2,91.57,0,67,19,70,0,0
21,534,351,885,4,51.76,1,186,4,8,0,1
6,469,282,751,3,67.44,0,132,6,45,0,0
3,736,184,920,1,46.24,0,18,1,31,0,1
34,81,83,164,7,62.17,1,184,2,1,1,1
37,326,38,364,8,23.94,1,188,3,8,0,0
30,791,61,852,4,25.22,0,142,14,17,0,1
5,311,42,353,2,53.18,1,24,12,0,1,1
4,526,211,737,6,46.8,0,12,1,39,0,1
8,128,79,207,5,69.26,1,175,9,4,1,0
30,582,51,633,5,23.03,1,166,3,74,0,1
30,220,113,333,5,33.41,0,167,4,53,0,0
33,457,279,736,7,36.77,1,102,2,86,0,1
4,703,198,901,0,55.24,0,122,11,7,0,0
6,528,61,589,0,39.75,0,42,2,7,0,0
36,379,299,678,0,31.01,1,16,15,78,0,0
37,152,195,347,1,67.81,0,52,18,35,0,1
29,273,74,347,9,79.51,1,128,17,68,0,1
5,679,276,955,7,74.82,0,86,16,17,0,1
3,172,397,569,6,42.09,0,127,15,0,1,1
3,525,216,741,6,88.36,0,93,18,44,0,0
27,387,64,451,0,68.95,0,115,17,51,0,0
33,256,123,379,2,69.17,0,190,5,10,0,1
25,573,239,812,7,37.03,1,129,12,0,1,1
11,289,399,688,4,39.38,1,191,6,19,0,1
30,229,371,600,5,57.98,0,193,16,9,0,1
3,423,373,796,7,39.03,0,127,1,89,0,1
33,606,333,939,0,75.05,0,199,8,88,0,1
35,691,229,920,7,44.68,1,57,8,1,1,1
29,503,259,762,6,32.15,0,108,17,41,0,1
35,529,293,822,4,32.13,1,24,6,34,0,0
23,630,286,916,4,30.18,0,27,18,2,1,1
19,215,255,470,0,55.18,1,35,10,59,0,1
13,200,53,253,2,20.24,0,35,14,76,0,0
36,387,351,738,2,63.39,1,87,11,55,0,1
28,504,3,507,8,43.86,0,146,9,82,0,0
8,516,170,686,1,64.2,1,197,6,57,0,0
38,122,173,295,2,94.83,1,196,6,49,0,0
3,624,398,1022,1,89.52,0,43,13,85,0,0
23,291,35,326,2,66.11,0,92,7,63,0,0
8,701,190,891,0,53.45,0,91,17,68,0,0
26,579,143,722,2,75.87,0,28,3,70,0,1
17,786,39,825,7,93.85,0,17,5,2,1,1
18,505,89,594,7,59.16,0,77,1,66,0,0
27,421,168,589,3,27.94,0,172,17,67,0,0
30,150,366,516,7,81.29,1,83,8,44,0,1
15,318,155,473,6,20.84,1,82,1,50,0,1
39,686,352,1038,9,81.17,0,199,1,74,0,1
20,305,293,598,8,26.79,1,81,18,12,0,1
7,42,327,369,2,28.53,0,140,17,47,0,0
1,196,341,537,5,82.54,1,196,6,69,0,0
8,476,285,761,7,75.16,1,32,13,23,0,0
27,503,293,796,3,64.95,1,107,5,23,0,1
22,787,61,848,5,85.65,1,74,17,0,1,0
14,747,286,1033,4,88.11,1,32,14,28,0,0
19,425,19,444,3,56.6,1,19,9,32,0,0
33,443,294,737,1,99.7,1,133,18,85,0,1
23,640,261,901,0,48.61,0,134,5,7,0,1
3,38,302,340,7,33.72,0,116,19,58,0,0
2,476,256,732,8,87.68,0,137,6,5,1,1
19,379,147,526,6,53.25,0,146,17,71,0,0
16,626,147,773,2,89.96,0,20,17,42,0,1
34,640,238,878,0,24.89,0,16,11,38,0,1
23,524,189,713,6,28.88,1,73,3,84,0,1
30,525,136,661,1,23.22,0,118,15,67,0,1
23,552,195,747,5,68.16,0,181,14,9,0,0
14,464,214,678,9,86.55,1,196,17,23,0,1
26,182,95,277,0,52.21,0,167,5,24,0,0
25,227,255,482,5,27.26,0,65,5,54,0,1
29,593,125,718,9,49.88,0,119,7,74,0,1
8,494,107,601,3,47.84,1,32,8,57,0,1
26,190,167,357,8,71.48,1,102,1,36,0,1
12,702,41,743,8,72.17,1,28,3,67,0,0
31,784,241,1025,4,28.24,0,198,10,68,0,1
32,500,293,793,3,53.61,1,95,19,7,0,0
25,182,382,564,6,71.4,0,147,3,48,0,0
37,750,113,863,6,40.71,0,29,5,63,0,1
21,189,215,404,4,52.57,1,191,17,54,0,0
1,345,201,546,1,69.1,1,109,1,22,0,1
24,686,292,978,7,52.23,1,23,2,14,0,1
31,416,249,665,2,22.47,1,80,17,26,0,1
4,194,322,516,1,37.81,1,50,5,31,0,1
5,64,340,404,0,82.09,1,23,6,82,0,0
11,288,45,333,4,39.88,1,15,1,55,0,0
33,537,142,679,1,85.42,1,145,8,75,0,0
21,571,261,832,3,57.35,0,174,19,2,1,1
39,178,217,395,2,57.83,1,135,19,70,0,0
35,126,192,318,4,81.64,1,141,13,16,0,0
22,561,69,630,7,50.66,0,17,13,50,0,0
27,127,228,355,4,39.08,0,43,13,34,0,0
13,51,296,347,5,28.4,1,16,14,77,0,1
4,389,15,404,1,73.75,1,195,10,60,0,0
16,456,236,692,1,57.6,0,150,4,41,0,0
24,194,362,556,9,84.75,0,191,17,45,0,1
8,168,229,397,6,56.61,1,181,17,63,0,0
9,188,381,569,0,53.18,1,52,3,64,0,0
1,274,141,415,5,43.91,1,107,2,51,0,0
29,7,1,8,0,35.95,1,132,16,65,0,1
36,9,272,281,0,86.43,1,150,1,71,0,0
33,296,85,381,3,27.62,0,136,16,2,1,1
15,15,3,18,6,92.17,1,96,19,33,0,0
24,254,72,326,6,22.15,0,10,1,81,0,0
38,464,373,837,7,61.78,0,188,16,28,0,1
24,24,312,336,1,24.67,1,140,3,74,0,0
12,494,110,604,1,82.37,0,168,6,49,0,0
14,496,239,735,5,36.92,0,52,11,24,0,1
29,458,135,593,8,65.27,1,30,13,31,0,1
18,501,70,571,7,93.32,1,181,2,43,0,1
33,647,395,1042,6,71.94,0,163,3,11,0,1
34,56,325,381,0,34.27,0,169,6,27,0,1
2,135,145,280,8,83.73,0,93,13,61,0,0
29,253,141,394,9,55.32,1,182,8,81,0,0
15,550,326,876,5,21.05,1,52,6,85,0,1
21,698,184,882,3,58.94,1,153,3,34,0,1
11,734,150,884,6,85.0,1,103,19,71,0,0
15,465,154,619,6,54.4,0,41,14,35,0,1
13,328,178,506,9,80.67,1,146,19,72,0,0
2,329,208,537,1,76.44,1,78,10,82,0,0
31,47,16,63,5,56.55,1,40,16,40,0,1
6,372,192,564,7,45.86,1,144,13,54,0,1
15,410,175,585,3,78.12,0,156,10,78,0,1
8,166,109,275,8,49.51,1,71,10,12,0,1
7,614,142,756,0,33.61,1,193,10,22,0,1
15,649,169,818,1,45.67,1,144,8,56,0,1
36,241,146,387,7,90.15,1,14,13,16,0,1
37,731,363,1094,1,42.67,1,73,10,71,0,0
15,85,211,296,4,38.8,1,195,19,23,0,1
20,728,201,929,2,30.67,0,43,18,30,0,1
39,614,105,719,6,24.41,1,191,9,72,0,1
10,179,366,545,0,98.14,0,108,8,47,0,0
37,520,9,529,3,62.94,1,138,15,71,0,1
5,248,220,468,9,78.37,0,140,13,56,0,1
9,639,67,706,3,81.84,0,107,5,46,0,0
14,128,307,435,5,48.19,1,108,16,45,0,0
2,195,151,346,9,83.91,1,117,13,72,0,0
32,245,117,362,6,96.92,1,131,12,89,0,0
34,159,23,182,7,79.34,0,150,15,2,1,1
15,266,316,582,9,76.94,0,93,5,45,0,1
33,482,158,640,6,54.58,0,92,16,70,0,1
31,506,105,611,8,87.31,1,157,3,57,0,0
32,443,337,780,5,27.11,0,153,16,43,0,0
32,151,7,158,8,79.97,0,133,12,71,0,0
23,161,187,348,6,48.96,1,97,12,42,0,1
5,735,64,799,3,65.28,1,119,14,12,0,0
37,201,50,251,5,91.44,1,118,6,24,0,0
24,82,8,90,3,68.4,1,92,15,3,1,1
36,363,74,437,3,22.05,0,43,1,63,0,1
38,5,378,383,2,77.81,1,111,14,87,0,1
8,274,178,452,4,94.32,1,94,16,34,0,0
16,683,399,1082,3,71.36,1,19,1,65,0,0
8,213,106,319,6,88.91,0,191,14,88,0,0
2,563,304,867,3,86.02,1,136,15,35,0,0
38,391,35,426,4,88.9,0,31,10,79,0,0
37,284,43,327,1,47.53,0,48,12,1,1,1
37,529,6,535,3,57.93,0,118,2,60,0,0
35,476,359,835,3,87.84,1,173,19,14,0,1
26,254,268,522,9,92.83,0,102,19,70,0,0
21,178,297,475,4,31.75,0,164,15,0,1,1
39,733,370,1103,0,34.52,0,34,1,74,0,0
22,134,132,266,3,47.75,1,110,9,35,0,1
26,767,289,1056,7,81.62,0,167,16,21,0,1
9,376,200,576,1,90.0,1,170,13,49,0,0
30,797,217,1014,1,66.42,0,55,18,89,0,0
32,282,264,546,3,29.06,0,137,12,14,0,1
27,452,187,639,3,44.3,0,17,14,27,0,1
20,492,9,501,4,88.56,0,36,7,57,0,0
